pr_number,url,merge_year,merge_month,merge_week,team,change_type,duration,oldest_commit_date,created_at,oldest_reaction_date,latest_approval_date,merged_at,commits,additions,deletions,changed_files,title,labels,is_product_dev,is_main_pr
5130,https://github.com/bizreach-inc/hrmony-prf/pull/5130,2021,11,48,goal,chore,4039,2021-11-26 10:23:37,2021-11-26 10:24:55,2021-11-29 00:13:24,2021-11-29 00:14:13,2021-11-29 05:43:32,2,29,17,2,SBPRF-12174 refine sample-data,merge-me,true,true
5129,https://github.com/bizreach-inc/hrmony-prf/pull/5129,2021,11,48,goal,fix,3928,2021-11-26 08:14:37,2021-11-26 08:19:33,2021-11-26 10:14:58,2021-11-26 10:14:58,2021-11-29 01:43:26,2,4,3,1,SBPRF-12664 Fix a padding of the measure.,merge-me,true,true
5127,https://github.com/bizreach-inc/hrmony-prf/pull/5127,2021,11,48,goal,feat,6935,2021-11-25 09:57:02,2021-11-26 01:40:44,2021-11-26 08:46:39,2021-11-30 02:22:44,2021-11-30 05:32:16,11,65,32,11,SBPRF-12678 filter members in adjusting table,merge-me,true,true
5124,https://github.com/bizreach-inc/hrmony-prf/pull/5124,2021,11,48,goal,refactor,5274,2021-11-25 09:38:20,2021-11-25 09:53:26,2021-11-26 04:53:14,2021-11-26 04:53:14,2021-11-29 01:32:46,4,18,2,2,SBPRF-12815 Can support a new api of the activity.,merge-me,true,true
5123,https://github.com/bizreach-inc/hrmony-prf/pull/5123,2021,11,48,,chore,5973,2021-11-25 08:29:03,2021-11-25 08:30:26,2021-11-26 09:27:51,2021-11-26 09:33:03,2021-11-29 12:02:33,3,55,266,2,SBPRF-6411 Update DB docs,"merge-me,xem",false,true
5120,https://github.com/bizreach-inc/hrmony-prf/pull/5120,2021,11,48,,chore,7242,2021-11-24 23:50:57,2021-11-25 00:03:13,2021-11-25 08:41:04,2021-11-30 00:23:58,2021-11-30 00:33:24,6,0,16,2,HESRE-3459: dev pr-build-webで web imageのビルドを止める,,true,true
5115,https://github.com/bizreach-inc/hrmony-prf/pull/5115,2021,11,47,pulse,feat,4873,2021-11-22 01:49:42,2021-11-22 01:50:58,2021-11-22 02:55:27,2021-11-22 02:55:27,2021-11-25 11:03:33,17,14,158,17,SBPRF-12568 Delivery of pulse web-page,merge-me,true,true
5114,https://github.com/bizreach-inc/hrmony-prf/pull/5114,2021,11,47,goal,fix,6822,2021-11-19 10:48:46,2021-11-19 10:56:57,2021-11-22 02:10:27,2021-11-22 06:48:05,2021-11-24 04:30:51,3,47,0,2,SBPRF-12735 add repro test & fix bug,merge-me,true,true
5113,https://github.com/bizreach-inc/hrmony-prf/pull/5113,2021,11,47,goal,fix,8620,2021-11-19 08:39:02,2021-11-19 08:44:03,2021-11-19 08:58:11,2021-11-24 04:44:48,2021-11-25 08:19:37,3,12,2,4,SBPRF-12657 Display section description by flexible width,"merge-me,update-me",true,true
5112,https://github.com/bizreach-inc/hrmony-prf/pull/5112,2021,11,47,survey,fix,7491,2021-11-19 01:49:07,2021-11-19 01:50:55,2021-11-22 06:21:16,2021-11-22 06:21:16,2021-11-24 06:40:17,7,156,30,11,SBPRF-12596 change_distribution_settings_when_slack_link_turns_off,merge-me,true,true
5111,https://github.com/bizreach-inc/hrmony-prf/pull/5111,2021,11,46,goal,feat,48,2021-11-19 01:11:04,2021-11-19 01:49:38,2021-11-19 01:50:38,2021-11-19 01:50:38,2021-11-19 01:59:36,2,2,1,1,SBPRF-12794 fix button hidden flag,"merge-me,update-me",true,true
5110,https://github.com/bizreach-inc/hrmony-prf/pull/5110,2021,11,47,goal,feat,10091,2021-11-19 01:11:04,2021-11-19 01:12:08,2021-11-22 02:15:54,2021-11-25 01:06:02,2021-11-26 01:22:20,69,992,169,36,SBPRF-12670 SBPRF-12552 review filter by step and employee code,"merge-me,update-me",true,true
5109,https://github.com/bizreach-inc/hrmony-prf/pull/5109,2021,11,46,1on1,fix,1468,2021-11-18 08:30:05,2021-11-18 08:34:30,2021-11-19 02:41:44,2021-11-19 02:41:44,2021-11-19 08:58:59,2,12,10,4,SBPRF-12713 SBPRF-12714 SBPRF-12721  fix qa test feedback,merge-me,true,false
5107,https://github.com/bizreach-inc/hrmony-prf/pull/5107,2021,11,46,,chore,17,2021-11-18 05:00:11,2021-11-18 05:02:45,2021-11-18 05:16:07,2021-11-18 05:16:07,2021-11-18 05:18:03,1,4,4,2,SBPRF-12426 Fix the action config and suppress rebase automation,"merge-me,xem",false,true
5105,https://github.com/bizreach-inc/hrmony-prf/pull/5105,2021,11,47,,refactor,13939,2021-11-16 10:56:30,2021-11-16 11:25:13,2021-11-26 01:56:43,2021-11-26 02:01:48,2021-11-26 03:15:42,4,420,213,3,SBPRF-12704 Fix library versions in package.json,"merge-me,xem",false,true
5104,https://github.com/bizreach-inc/hrmony-prf/pull/5104,2021,11,46,pulse,fix,4397,2021-11-16 07:56:06,2021-11-16 07:57:52,2021-11-19 00:54:55,2021-11-19 00:54:55,2021-11-19 09:14:04,12,185,21,13,SBPRF-12337 fix_admin_report_bug_when_scoped_members_are_not_target_users,merge-me,true,true
5102,https://github.com/bizreach-inc/hrmony-prf/pull/5102,2021,11,46,goal,fix,2919,2021-11-16 05:24:16,2021-11-16 05:24:36,2021-11-17 09:34:53,2021-11-17 09:45:26,2021-11-18 06:03:59,5,46,1,6,SBPRF-12668 delete permission when section delete,"db-migration,merge-me,update-me",true,true
5101,https://github.com/bizreach-inc/hrmony-prf/pull/5101,2021,11,46,goal,fix,1592,2021-11-16 04:58:43,2021-11-16 05:03:31,2021-11-16 06:56:39,,2021-11-17 07:30:47,3,12,34,4,SBPRF-12586 Fix future 1on1 URLs to not show up in activities.,merge-me,true,false
5098,https://github.com/bizreach-inc/hrmony-prf/pull/5098,2021,11,47,,refactor,14785,2021-11-15 01:10:11,2021-11-15 01:10:30,2021-11-25 02:43:50,2021-11-25 02:43:50,2021-11-25 07:35:20,2,1,1,1,SBPRF-12680 Update sbt-scalafix to 0.9.32,"merge-me,xem,steward",false,true
5097,https://github.com/bizreach-inc/hrmony-prf/pull/5097,2021,11,46,goal,fix,5352,2021-11-12 07:15:31,2021-11-12 08:29:17,2021-11-15 08:11:35,2021-11-15 08:11:35,2021-11-16 00:27:57,4,14,5,3,SBPRF-12451 Fix bugs of renovating the sheet UI.,"merge-me,update-me",true,true
5096,https://github.com/bizreach-inc/hrmony-prf/pull/5096,2021,11,46,goal,feat,4496,2021-11-12 08:06:24,2021-11-12 08:07:57,2021-11-12 08:12:53,2021-11-12 08:12:53,2021-11-15 11:02:44,1,1,6,3,SBPRF-12667 delete feature flag for AlternativeReviewer EPIC,"merge-me,update-me",true,true
5094,https://github.com/bizreach-inc/hrmony-prf/pull/5094,2021,11,46,goal,fix,7330,2021-11-12 06:21:23,2021-11-12 06:32:31,2021-11-17 02:06:23,2021-11-17 02:06:23,2021-11-17 08:31:59,3,3,3,1,SBPRF-12661 Fix review updatedAt,merge-me,true,true
5093,https://github.com/bizreach-inc/hrmony-prf/pull/5093,2021,11,46,goal,fix,5829,2021-11-12 05:56:39,2021-11-12 05:58:08,2021-11-16 06:12:33,2021-11-16 06:12:33,2021-11-16 07:06:30,1,10,2,2,SBPRF-12000 Fix design in objective topic,merge-me,true,false
5092,https://github.com/bizreach-inc/hrmony-prf/pull/5092,2021,11,46,goal,feat,14078,2021-11-09 06:29:45,2021-11-12 05:39:07,2021-11-14 22:54:09,2021-11-18 01:54:40,2021-11-19 01:08:08,118,3711,12,58,SBPRF-12551 Filter comments of review section,"merge-me,update-me,routes-update",true,true
5091,https://github.com/bizreach-inc/hrmony-prf/pull/5091,2021,11,46,survey,feat,7708,2021-11-12 01:53:40,2021-11-12 01:56:26,2021-11-12 01:58:06,2021-11-16 06:02:02,2021-11-17 10:21:52,51,2546,45,74,SBPRF-10722 survey distribution settings,"wip,db-migration,do-not-merge,routes-update",true,false
5090,https://github.com/bizreach-inc/hrmony-prf/pull/5090,2021,11,45,goal,hotfix,20,2021-11-11 13:55:54,2021-11-11 13:58:12,2021-11-11 14:15:38,2021-11-11 14:15:38,2021-11-11 14:16:28,1,24,11,3,SBPRF-12460 Fix bug,merge-me,true,true
5088,https://github.com/bizreach-inc/hrmony-prf/pull/5088,2021,11,45,,chore,26,2021-11-11 07:23:43,2021-11-11 07:24:16,2021-11-11 07:34:53,2021-11-11 07:34:53,2021-11-11 07:50:16,1,7,3,2,HCA-1819 Add a mosh account to the Perf sample data.,merge-me,true,true
5086,https://github.com/bizreach-inc/hrmony-prf/pull/5086,2021,11,45,,chore,1659,2021-11-11 02:45:26,2021-11-11 04:12:02,2021-11-11 09:29:52,2021-11-11 09:29:52,2021-11-12 06:24:49,10,189,1,7,SBPRF-7302 Add Delete-sample-data script,"merge-me,xem",false,true
5084,https://github.com/bizreach-inc/hrmony-prf/pull/5084,2021,11,46,goal,fix,10079,2021-11-09 07:52:59,2021-11-10 05:54:56,2021-11-12 01:04:20,2021-11-16 07:47:06,2021-11-16 07:52:13,5,333,207,17,SBPRF-12421 Member can look only goals which manager can look,"merge-me,routes-update",true,false
5083,https://github.com/bizreach-inc/hrmony-prf/pull/5083,2021,11,45,1on1,fix,209,2021-11-10 04:38:04,2021-11-10 04:39:36,2021-11-10 05:47:28,2021-11-10 05:47:28,2021-11-10 08:07:48,2,10,21,2,SBPRF-12524 Fix list by with phase,merge-me,true,false
5080,https://github.com/bizreach-inc/hrmony-prf/pull/5080,2021,11,45,,chore,3816,2021-11-09 09:30:43,2021-11-09 09:32:02,2021-11-11 08:44:10,2021-11-11 08:44:10,2021-11-12 01:07:38,17,7257,88,7,SBPRF-12403 Link jira to PR created by renovate,"merge-me,xem,renovate,steward",false,true
5078,https://github.com/bizreach-inc/hrmony-prf/pull/5078,2021,11,45,goal,fix,139,2021-11-09 03:22:38,2021-11-09 03:25:02,2021-11-09 04:27:46,2021-11-09 04:27:46,2021-11-09 05:42:01,1,10,27,4,SBPRF-12554 Fix calculation result visibility,merge-me,true,false
5077,https://github.com/bizreach-inc/hrmony-prf/pull/5077,2021,11,46,goal,feat,15716,2021-11-08 06:22:47,2021-11-09 02:37:39,2021-11-09 02:40:21,2021-11-17 08:49:46,2021-11-19 04:19:17,19,813,98,30,SBPRF-12132 Org manager can write team objectives directly,merge-me,true,true
5076,https://github.com/bizreach-inc/hrmony-prf/pull/5076,2021,11,45,goal,fix,5921,2021-11-05 04:35:03,2021-11-08 06:22:08,2021-11-09 05:46:06,2021-11-09 06:16:49,2021-11-09 07:16:36,7,521,541,26,SBPRF-12411 Fix animations.,merge-me,true,false
5075,https://github.com/bizreach-inc/hrmony-prf/pull/5075,2021,11,45,1on1,fix,5737,2021-11-05 09:19:44,2021-11-08 02:02:59,2021-11-08 10:40:26,2021-11-09 00:34:58,2021-11-09 08:57:10,7,113,9,10,SBPRF-12524  Fix period phase,"db-migration,merge-me",true,false
5070,https://github.com/bizreach-inc/hrmony-prf/pull/5070,2021,11,45,goal,fix,2590,2021-11-06 11:52:17,2021-11-08 01:02:51,2021-11-08 07:00:32,2021-11-08 07:00:32,2021-11-08 07:02:17,1,3,2,2,SBPRF-12419 Fix visibility condition,merge-me,true,false
5069,https://github.com/bizreach-inc/hrmony-prf/pull/5069,2021,11,45,,refactor,7083,2021-11-05 09:37:26,2021-11-05 09:38:41,2021-11-08 09:17:29,2021-11-08 09:38:48,2021-11-10 07:41:11,2,6,6,4,SBPRF-12535 update nodejs to 16.13.0,"merge-me,xem",false,true
5068,https://github.com/bizreach-inc/hrmony-prf/pull/5068,2021,11,45,goal,fix,4483,2021-11-05 07:28:03,2021-11-05 07:32:40,2021-11-05 07:59:28,2021-11-05 07:59:28,2021-11-08 10:11:24,3,1,0,1,SBPRF-12325 Fix team objective width,merge-me,true,true
5067,https://github.com/bizreach-inc/hrmony-prf/pull/5067,2021,11,45,goal,fix,4326,2021-11-05 07:24:13,2021-11-05 07:32:37,2021-11-05 08:58:14,2021-11-05 08:58:14,2021-11-08 07:30:13,2,17,24,4,SBPRF-12412 Fix view's shrink rules in edit page,merge-me,true,false
5066,https://github.com/bizreach-inc/hrmony-prf/pull/5066,2021,11,44,goal,fix,96,2021-11-05 06:25:01,2021-11-05 07:14:21,2021-11-05 08:00:44,2021-11-05 08:00:44,2021-11-05 08:01:21,1,15,13,1,SBPRF-12419 Fix classified result visibility ,merge-me,true,false
5065,https://github.com/bizreach-inc/hrmony-prf/pull/5065,2021,11,45,pulse,feat,4429,2021-11-05 06:42:21,2021-11-05 06:43:44,2021-11-08 07:00:13,2021-11-08 07:00:13,2021-11-08 08:31:21,13,625,58,42,SBPRF-10876 Pulse preview distribution with email,merge-me,true,true
5064,https://github.com/bizreach-inc/hrmony-prf/pull/5064,2021,11,45,goal,fix,7259,2021-11-05 03:57:11,2021-11-05 03:58:54,2021-11-08 00:31:46,2021-11-09 04:32:32,2021-11-10 04:57:10,2,18,15,2,SBPRF-12446 fix review edit button condition,,true,false
5063,https://github.com/bizreach-inc/hrmony-prf/pull/5063,2021,11,45,goal,fix,7275,2021-11-05 03:41:54,2021-11-05 03:45:10,2021-11-08 00:34:12,2021-11-09 04:33:17,2021-11-10 04:57:17,2,6,33,10,SBPRF-12447 show proper avatar on review edit page,,true,false
5062,https://github.com/bizreach-inc/hrmony-prf/pull/5062,2021,11,44,goal,fix,1730,2021-11-04 01:33:04,2021-11-05 02:09:49,2021-11-05 05:39:03,2021-11-05 05:39:03,2021-11-05 06:23:56,2,4,5,2,SBPRF-12449  fix width of list form,merge-me,true,false
5061,https://github.com/bizreach-inc/hrmony-prf/pull/5061,2021,11,44,goal,fix,1686,2021-11-04 02:17:14,2021-11-05 02:07:10,2021-11-05 05:38:48,2021-11-05 05:38:48,2021-11-05 06:23:29,1,16,15,2,SBPRF-12443 Fix difficulty-select,merge-me,true,false
5060,https://github.com/bizreach-inc/hrmony-prf/pull/5060,2021,11,44,,chore,1385,2021-11-04 08:49:11,2021-11-05 01:14:23,2021-11-05 07:50:42,2021-11-05 07:50:42,2021-11-05 07:54:51,6,29,4,2,SBPRF-12426 configure renovate generated pr title,"merge-me,xem",false,true
5059,https://github.com/bizreach-inc/hrmony-prf/pull/5059,2021,11,45,pulse,feat,7086,2021-11-04 09:21:46,2021-11-04 09:26:37,2021-11-08 00:33:59,2021-11-08 00:33:59,2021-11-09 07:28:36,9,186,71,16,SBPRF-12227 update pulse labels on employee list,"merge-me,update-me",true,true
5058,https://github.com/bizreach-inc/hrmony-prf/pull/5058,2021,11,45,pulse,fix,27008,2021-10-21 08:43:18,2021-11-04 07:42:46,2021-11-05 09:19:12,2021-11-05 09:19:12,2021-11-09 02:51:25,93,36,20,4,SBPRF-12306 fix pagination while filtering,"merge-me,routes-update",true,true
5057,https://github.com/bizreach-inc/hrmony-prf/pull/5057,2021,11,44,goal,feat,157,2021-11-04 04:26:06,2021-11-04 04:27:19,2021-11-04 04:42:29,2021-11-04 04:49:19,2021-11-04 07:04:01,2,2,11,3,SBPRF-12440 deliver custom csv,merge-me,true,true
5056,https://github.com/bizreach-inc/hrmony-prf/pull/5056,2021,11,44,goal,fix,5710,2021-10-29 10:03:47,2021-11-02 07:15:42,2021-11-02 08:01:46,2021-11-02 08:01:46,2021-11-02 09:14:02,6,160,63,11,SBPRF-12407  QA test bug fix,merge-me,true,false
5055,https://github.com/bizreach-inc/hrmony-prf/pull/5055,2021,11,44,goal,feat,26,2021-11-02 00:56:22,2021-11-02 01:01:53,2021-11-02 01:21:48,2021-11-02 01:21:48,2021-11-02 01:22:52,2,0,55,14,SBPRF-12215 Delete update info,merge-me,true,false
5054,https://github.com/bizreach-inc/hrmony-prf/pull/5054,2021,11,45,1on1,feat,16155,2021-11-01 00:10:40,2021-11-02 00:23:42,2021-11-02 05:39:35,2021-11-09 07:32:33,2021-11-12 05:25:45,20,1174,298,58,SBPRF-12000 Members and managers can look link to 1on1s in activities,merge-me,true,false
5053,https://github.com/bizreach-inc/hrmony-prf/pull/5053,2021,11,46,1on1,refactor,24467,2021-11-01 09:16:45,2021-11-01 09:49:52,2021-11-02 06:37:51,2021-11-04 03:10:46,2021-11-18 09:04:34,10,80,372,9,SBPRF-10147 Improve the oneonone sync processing.,merge-me,true,true
5052,https://github.com/bizreach-inc/hrmony-prf/pull/5052,2021,11,44,goal,fix,4068,2021-11-01 07:36:03,2021-11-01 08:04:34,2021-11-02 04:26:45,2021-11-02 06:24:56,2021-11-04 03:24:40,8,36,66,3,SBPRF-12441 collaborator view goal properly,merge-me,true,false
5051,https://github.com/bizreach-inc/hrmony-prf/pull/5051,2021,11,44,pulse,fix,5682,2021-11-01 02:51:55,2021-11-01 02:54:16,2021-11-02 05:18:05,2021-11-02 05:18:05,2021-11-05 01:34:04,11,71,30,6,SBPRF-12263 tab rerouting has leaky permissions,"merge-me,update-me",true,true
5042,https://github.com/bizreach-inc/hrmony-prf/pull/5042,2021,10,43,goal,fix,202,2021-10-29 06:41:59,2021-10-29 06:44:06,2021-10-29 09:46:27,2021-10-29 09:46:27,2021-10-29 10:04:17,1,2,2,1,SBPRF-12405 Fix show-review,merge-me,true,false
5041,https://github.com/bizreach-inc/hrmony-prf/pull/5041,2021,11,44,pulse,feat,5960,2021-10-29 05:57:48,2021-10-29 06:00:53,2021-10-29 06:10:21,2021-11-02 05:10:13,2021-11-02 09:18:22,27,1061,18,32,SBPRF-10878 Preview pulse-survey in web,"merge-me,routes-update",true,true
5040,https://github.com/bizreach-inc/hrmony-prf/pull/5040,2021,11,44,pulse,feat,20173,2021-10-21 08:43:18,2021-10-29 04:42:31,2021-11-01 07:41:09,2021-11-04 08:53:08,2021-11-04 08:56:58,86,1063,25,34,SBPRF- 11136 pulse distribution setting,"merge-me,routes-update",true,true
5039,https://github.com/bizreach-inc/hrmony-prf/pull/5039,2021,11,44,goal,feat,9881,2021-10-28 08:03:24,2021-10-28 08:05:09,2021-11-01 02:05:04,2021-11-01 02:34:37,2021-11-04 04:44:35,6,43,72,6,SBPRF-12311 allow document section type to be seen by reviewers,"merge-me,update-me",true,true
5038,https://github.com/bizreach-inc/hrmony-prf/pull/5038,2021,11,47,,refactor,40662,2021-10-28 04:24:13,2021-10-28 04:29:36,2021-11-09 07:33:12,2021-11-09 07:33:12,2021-11-25 10:07:00,8,317,366,12,SBPRF-11832 Drop division column of users table,db-migration,true,false
5036,https://github.com/bizreach-inc/hrmony-prf/pull/5036,2021,10,43,,chore,130,2021-10-28 01:48:32,2021-10-28 01:50:42,2021-10-28 02:39:41,2021-10-28 02:39:41,2021-10-28 03:58:54,2,40,4,2,SBPRF-12345 show error reminder when scalatest failed on CI,"merge-me,update-me,xem",false,true
5035,https://github.com/bizreach-inc/hrmony-prf/pull/5035,2021,11,47,,refactor,41813,2021-10-27 08:33:05,2021-10-27 09:31:23,2021-11-02 05:22:06,2021-11-05 02:56:58,2021-11-25 09:26:52,50,272,229,76,SBPRF-11832 remove Users#division from code,merge-me,true,true
5034,https://github.com/bizreach-inc/hrmony-prf/pull/5034,2021,10,43,1on1,fix,130,2021-10-27 07:51:58,2021-10-27 07:58:41,2021-10-27 09:55:44,2021-10-27 09:55:44,2021-10-27 10:02:44,4,126,72,25,SBPRF-11999 Fix topic type,merge-me,true,false
5033,https://github.com/bizreach-inc/hrmony-prf/pull/5033,2021,10,43,,chore,2939,2021-10-27 07:49:21,2021-10-27 07:52:23,2021-10-28 08:06:51,2021-10-29 06:46:17,2021-10-29 08:48:50,6,74,0,1,SBPRF-10963 Configure Renovate,"merge-me,xem",false,true
5032,https://github.com/bizreach-inc/hrmony-prf/pull/5032,2021,10,43,1on1,fix,3972,2021-10-26 06:45:18,2021-10-27 00:51:00,2021-10-29 00:52:18,2021-10-29 00:56:39,2021-10-29 00:57:34,6,4,1,2,SBPRF-111999 Fix notifications,merge-me,true,false
5030,https://github.com/bizreach-inc/hrmony-prf/pull/5030,2021,10,43,1on1,fix,115,2021-10-26 08:25:56,2021-10-26 08:56:49,2021-10-26 10:20:51,2021-10-26 10:20:51,2021-10-26 10:21:38,5,97,38,18,SBPRF-11999  Fix objective link,merge-me,true,false
5029,https://github.com/bizreach-inc/hrmony-prf/pull/5029,2021,10,43,org,feat,86,2021-10-26 05:02:20,2021-10-26 05:12:26,2021-10-26 06:12:53,2021-10-26 06:12:53,2021-10-26 06:29:02,3,6,6,2,SBPRF-12329 sync profile image in local,"merge-me,xem",false,true
5028,https://github.com/bizreach-inc/hrmony-prf/pull/5028,2021,10,43,1on1,feat,565,2021-10-26 01:06:06,2021-10-26 01:20:31,2021-10-26 08:03:59,2021-10-26 10:30:20,2021-10-26 10:31:29,4,295,56,39,SBPRF-11999  FE Add topics about objectives,merge-me,true,false
5025,https://github.com/bizreach-inc/hrmony-prf/pull/5025,2021,11,44,goal,feat,10023,2021-10-25 03:02:38,2021-10-25 04:39:26,2021-10-26 06:23:33,2021-10-26 23:24:07,2021-11-01 02:06:25,31,714,84,24,SBPRF-12316 add duplicate validation to CSV import & auto assign service,"merge-me,update-me",true,true
5024,https://github.com/bizreach-inc/hrmony-prf/pull/5024,2021,10,43,goal,fix,1780,2021-10-25 02:45:34,2021-10-25 02:51:49,2021-10-25 06:18:17,2021-10-25 06:18:17,2021-10-26 08:25:57,6,7,2,2,SBPRF-12100 Fix: admin always can look reviews,"merge-me,update-me",true,true
5023,https://github.com/bizreach-inc/hrmony-prf/pull/5023,2021,10,43,1on1,feat,14303,2021-10-22 01:35:31,2021-10-25 02:27:26,2021-10-31 23:58:41,2021-10-31 23:58:41,2021-10-31 23:58:55,6,937,112,63,SBPRF-11999 Add topics about objectives,"db-migration,merge-me",true,false
5022,https://github.com/bizreach-inc/hrmony-prf/pull/5022,2021,10,43,goal,fix,1401,2021-10-25 01:14:11,2021-10-25 01:16:47,2021-10-25 07:34:44,2021-10-25 07:34:44,2021-10-26 00:35:30,1,5,1,1,SBPRF-12252 Fix: Show all reviews in review progress page,merge-me,true,false
5019,https://github.com/bizreach-inc/hrmony-prf/pull/5019,2021,10,43,goal,fix,2846,2021-10-25 00:32:39,2021-10-25 00:35:02,2021-10-25 04:35:29,2021-10-26 01:34:50,2021-10-26 23:59:10,4,2,1,1,SBPRF-12135 fix userId,merge-me,true,true
5018,https://github.com/bizreach-inc/hrmony-prf/pull/5018,2021,10,43,goal,fix,7000,2021-10-21 09:57:57,2021-10-22 09:21:30,2021-10-22 10:35:27,2021-10-26 06:32:09,2021-10-26 06:38:52,3,130,14,9,SBPRF-12253 Fix activity link.,merge-me,true,false
5017,https://github.com/bizreach-inc/hrmony-prf/pull/5017,2021,10,43,pulse,feat,4252,2021-10-22 08:29:18,2021-10-22 08:34:02,2021-10-25 01:38:40,2021-10-25 07:20:01,2021-10-25 07:21:18,11,345,27,25,SBPRF-12233 navigate to pulse details when report shouldn't be seen,"merge-me,routes-update",true,true
5016,https://github.com/bizreach-inc/hrmony-prf/pull/5016,2021,10,43,pulse,feat,11470,2021-10-21 08:43:18,2021-10-22 06:55:28,2021-10-27 07:54:48,2021-10-27 07:54:48,2021-10-29 07:53:19,58,1687,26,53,SBPRF-10872 send pulse emails,"db-migration,merge-me",true,true
5015,https://github.com/bizreach-inc/hrmony-prf/pull/5015,2021,10,43,1on1,feat,4065,2021-10-22 05:44:17,2021-10-22 05:54:26,2021-10-22 09:09:23,2021-10-22 10:40:13,2021-10-25 01:30:04,7,546,31,28,SBPRF-11999 BE Add topics about objectives,merge-me,true,false
5010,https://github.com/bizreach-inc/hrmony-prf/pull/5010,2021,10,43,,chore,5521,2021-10-21 09:41:20,2021-10-21 09:42:07,2021-10-25 05:17:50,2021-10-25 05:17:50,2021-10-25 05:42:35,6,49,2,3,SBPRF-12187 Add heads-up comment for routes update,"merge-me,update-me,xem",false,true
5008,https://github.com/bizreach-inc/hrmony-prf/pull/5008,2021,10,43,pulse,feat,10217,2021-10-21 08:43:18,2021-10-21 08:44:58,2021-10-28 09:10:13,2021-10-28 09:10:13,2021-10-28 11:01:05,10,36,125,12,SBPRF-12173 Delivery of pulse-authorization,"merge-me,update-me",true,true
5007,https://github.com/bizreach-inc/hrmony-prf/pull/5007,2021,10,43,goal,fix,6996,2021-10-21 04:49:16,2021-10-21 07:53:38,2021-10-22 00:56:03,2021-10-25 04:32:43,2021-10-26 01:25:22,6,292,158,15,SBPRF-12226 fix custom csv sheet section,,true,false
5004,https://github.com/bizreach-inc/hrmony-prf/pull/5004,2021,10,42,,chore,905,2021-10-20 12:20:09,2021-10-20 12:21:18,2021-10-21 01:23:48,2021-10-21 01:23:48,2021-10-21 03:25:24,14,24,0,1,SBPRF-10494 Add some guideline comment when steward pr is created,"merge-me,update-me,xem",false,true
5002,https://github.com/bizreach-inc/hrmony-prf/pull/5002,2021,11,44,,chore,18747,2021-10-20 02:39:27,2021-10-20 10:19:30,2021-10-28 00:33:30,2021-10-28 08:59:54,2021-11-02 03:07:19,25,72,2,1,SBPRF-6933 Add data to be able to CORE sync in local enviroment,"merge-me,update-me,xem",false,true
5001,https://github.com/bizreach-inc/hrmony-prf/pull/5001,2021,10,42,goal,fix,20,2021-10-20 08:28:21,2021-10-20 08:41:13,2021-10-20 08:43:37,2021-10-20 08:43:37,2021-10-20 08:49:00,1,1,1,1,SBPRF-12113 Update toggle label,merge-me,true,false
5000,https://github.com/bizreach-inc/hrmony-prf/pull/5000,2021,10,42,goal,fix,59,2021-10-20 05:06:34,2021-10-20 05:06:59,2021-10-20 06:05:02,2021-10-20 06:05:16,2021-10-20 06:05:38,4,62,14,9,SBPRF-12236 fix,merge-me,true,true
4999,https://github.com/bizreach-inc/hrmony-prf/pull/4999,2021,10,43,goal,feat,8381,2021-10-19 08:52:07,2021-10-19 09:08:11,2021-10-20 00:11:35,2021-10-20 01:26:35,2021-10-25 04:34:06,11,65,1,16,SBPRF-12082 Can know that the seat UI will be renovated.,"merge-me,update-me",true,true
4998,https://github.com/bizreach-inc/hrmony-prf/pull/4998,2021,10,42,goal,fix,1688,2021-10-19 04:14:10,2021-10-19 08:17:51,2021-10-19 09:45:46,2021-10-20 08:01:49,2021-10-20 08:22:14,4,92,61,26,SBPRF-12199 Fix activity link,merge-me,true,false
4997,https://github.com/bizreach-inc/hrmony-prf/pull/4997,2021,10,42,goal,feat,2839,2021-10-19 08:00:45,2021-10-19 08:01:20,2021-10-20 05:07:52,2021-10-20 09:25:12,2021-10-21 07:20:10,12,188,3,11,SBPRF-12219 collaborator should not be same as reviewer,"merge-me,update-me",true,true
4995,https://github.com/bizreach-inc/hrmony-prf/pull/4995,2021,10,42,goal,fix,14,2021-10-19 07:42:27,2021-10-19 07:45:33,2021-10-19 07:48:14,2021-10-19 07:48:14,2021-10-19 07:57:08,1,1,1,1,SBPRF-11129 Fix show text-area of comments,merge-me,true,false
4994,https://github.com/bizreach-inc/hrmony-prf/pull/4994,2021,10,42,pulse,fix,2541,2021-10-19 06:23:04,2021-10-19 06:24:32,2021-10-20 11:46:43,2021-10-20 11:46:43,2021-10-21 00:44:38,4,2,1,2,SBPRF-12099 fix_pulses_page_when_only_delete_permission,merge-me,true,true
4993,https://github.com/bizreach-inc/hrmony-prf/pull/4993,2021,10,42,goal,fix,539,2021-10-19 01:10:22,2021-10-19 04:24:03,2021-10-19 06:20:22,,2021-10-19 10:10:06,3,66,54,10,SBPRF-12139 Review design fix,merge-me,true,false
4992,https://github.com/bizreach-inc/hrmony-prf/pull/4992,2021,10,42,goal,fix,77,2021-10-19 04:12:45,2021-10-19 04:13:06,2021-10-19 05:29:18,2021-10-19 05:29:18,2021-10-19 05:30:15,5,49,24,2,SBPRF-12211 fix disclosed,merge-me,true,true
4991,https://github.com/bizreach-inc/hrmony-prf/pull/4991,2021,10,42,goal,fix,1271,2021-10-18 08:59:24,2021-10-18 09:22:54,2021-10-19 06:10:04,2021-10-19 06:10:04,2021-10-19 06:10:55,1,7,2,1,SBPRF-11129 Fix update objective height.,merge-me,true,false
4990,https://github.com/bizreach-inc/hrmony-prf/pull/4990,2021,10,42,goal,fix,2985,2021-10-18 06:46:52,2021-10-18 06:48:52,2021-10-19 00:54:01,2021-10-19 06:48:36,2021-10-20 08:32:47,4,21,9,7,SBPRF-12171 alternative reviewer should not be able to see member on goal members table,merge-me,true,true
4989,https://github.com/bizreach-inc/hrmony-prf/pull/4989,2021,11,44,org,refactor,41687,2021-10-06 10:20:59,2021-10-18 06:40:09,2021-10-19 02:49:51,2021-10-26 08:22:17,2021-11-04 09:08:41,117,2550,561,36,SBPRF-11836+11838+11839 Core v3 3rd phase getting user's data,"merge-me,update-me",true,true
4988,https://github.com/bizreach-inc/hrmony-prf/pull/4988,2021,10,43,goal,fix,11284,2021-10-18 06:31:57,2021-10-18 06:39:38,2021-10-19 07:07:06,2021-10-20 09:46:40,2021-10-26 02:36:03,12,326,171,19,SBPRF-12089 fix create logic,merge-me,true,true
4987,https://github.com/bizreach-inc/hrmony-prf/pull/4987,2021,10,42,authorization,fix,233,2021-10-18 06:33:23,2021-10-18 06:37:13,2021-10-18 06:49:16,2021-10-18 06:49:16,2021-10-18 10:27:14,3,5,2,2,SBRPF-12192: fix permissions guard,merge-me,true,true
4985,https://github.com/bizreach-inc/hrmony-prf/pull/4985,2021,10,42,goal,fix,6722,2021-10-15 07:11:15,2021-10-18 00:32:12,2021-10-18 04:56:35,2021-10-18 06:04:39,2021-10-19 23:14:04,4,6,7,2,SBPRF-12194 add migration,"db-migration,merge-me",true,true
4984,https://github.com/bizreach-inc/hrmony-prf/pull/4984,2021,10,42,pulse,fix,3714,2021-10-15 10:47:39,2021-10-15 10:51:36,2021-10-18 00:10:18,2021-10-18 00:10:18,2021-10-18 00:42:06,3,11,2,2,SBPRF-12175 fix_error_only_havs_scoped_csv_permission,merge-me,true,true
4983,https://github.com/bizreach-inc/hrmony-prf/pull/4983,2021,10,42,goal,feat,8321,2021-10-15 08:28:08,2021-10-15 08:31:45,2021-10-18 10:04:59,2021-10-20 08:06:29,2021-10-21 03:09:49,20,144,21,16,SBPRF-12093 collaborator can view activity,merge-me,true,true
4982,https://github.com/bizreach-inc/hrmony-prf/pull/4982,2021,10,41,goal,fix,226,2021-10-15 06:56:00,2021-10-15 07:47:17,2021-10-15 08:22:14,2021-10-15 10:37:41,2021-10-15 10:42:41,4,224,191,20,SBPRF-11129 Design fix,merge-me,true,false
4981,https://github.com/bizreach-inc/hrmony-prf/pull/4981,2021,10,42,pulse,feat,7513,2021-10-15 06:51:41,2021-10-15 06:54:00,2021-10-18 09:29:29,2021-10-20 02:43:12,2021-10-20 12:04:58,62,2557,70,62,SBPRF-10873 Answer pulse-survey from WEB,merge-me,true,true
4979,https://github.com/bizreach-inc/hrmony-prf/pull/4979,2021,10,42,goal,fix,10137,2021-10-14 08:27:29,2021-10-14 08:29:54,2021-10-15 10:00:12,2021-10-20 05:37:37,2021-10-21 09:25:21,17,108,39,14,Fix section visibility bug & assigning member as collaborator bug,"merge-me,update-me",true,true
4978,https://github.com/bizreach-inc/hrmony-prf/pull/4978,2021,10,41,goal,fix,1348,2021-10-14 07:36:09,2021-10-14 07:52:36,2021-10-15 00:52:14,2021-10-15 00:52:14,2021-10-15 06:04:43,1,39,20,1,SBPRF-12135 add notify,merge-me,true,true
4977,https://github.com/bizreach-inc/hrmony-prf/pull/4977,2021,10,41,goal,fix,5248,2021-10-14 07:34:30,2021-10-14 07:39:58,2021-10-15 05:32:27,2021-10-15 10:00:55,2021-10-17 23:02:44,7,76,27,8,SBPRF-12094 create path and fix path,merge-me,true,true
4975,https://github.com/bizreach-inc/hrmony-prf/pull/4975,2021,10,41,goal,fix,160,2021-10-13 07:24:12,2021-10-13 07:27:00,2021-10-13 09:48:34,2021-10-13 09:48:34,2021-10-13 10:04:24,6,63,77,9,SBPRF-12092 Fix a bug when scrolling.,"merge-me,update-me",true,true
4974,https://github.com/bizreach-inc/hrmony-prf/pull/4974,2021,10,42,survey,fix,10238,2021-10-13 07:16:58,2021-10-13 07:18:47,2021-10-13 07:21:25,2021-10-13 07:27:24,2021-10-20 09:55:38,28,743,734,19,SBPRF-11843 fix_sent_remind_to_not_main_employee,"merge-me,update-me",true,true
4973,https://github.com/bizreach-inc/hrmony-prf/pull/4973,2021,10,41,1on1,refactor,79,2021-10-13 05:55:52,2021-10-13 05:57:31,2021-10-13 06:50:33,2021-10-13 06:50:33,2021-10-13 07:14:54,2,5,135,9,SBPRF-11304 Remove a micro user onboarding of 1on1 search.,merge-me,true,true
4972,https://github.com/bizreach-inc/hrmony-prf/pull/4972,2021,10,41,goal,fix,82,2021-10-13 04:26:27,2021-10-13 04:30:54,2021-10-13 05:34:27,2021-10-13 05:46:30,2021-10-13 05:48:31,2,89,47,24,SBPRF-11127 Fix design,merge-me,true,false
4971,https://github.com/bizreach-inc/hrmony-prf/pull/4971,2021,10,41,authorization,fix,3147,2021-10-13 02:54:30,2021-10-13 02:56:36,2021-10-15 03:55:59,2021-10-15 03:55:59,2021-10-15 07:21:32,8,30,20,4,SBBPRF-11987: enable logout when ip restricted,merge-me,true,true
4970,https://github.com/bizreach-inc/hrmony-prf/pull/4970,2021,10,41,goal,feat,1026,2021-10-12 08:50:20,2021-10-12 08:56:15,2021-10-13 01:50:58,2021-10-13 01:50:58,2021-10-13 01:56:56,1,152,42,13,SBPRF-11447 Update sample images in admin.,merge-me,true,false
4969,https://github.com/bizreach-inc/hrmony-prf/pull/4969,2021,10,43,org,refactor,26900,2021-10-06 10:20:59,2021-10-12 07:18:51,2021-10-12 07:48:24,2021-10-18 11:44:02,2021-10-25 02:41:05,80,441,160,14,SBPRF-11833+11834+11835+11837 Core v3 2nd phase getting master data,merge-me,true,true
4968,https://github.com/bizreach-inc/hrmony-prf/pull/4968,2021,10,41,survey,feat,1469,2021-10-12 07:04:11,2021-10-12 07:12:45,2021-10-12 08:55:41,2021-10-12 08:55:41,2021-10-13 07:33:26,6,22,34,13,SBPRF-12095 titled or untitled,"merge-me,update-me",true,true
4967,https://github.com/bizreach-inc/hrmony-prf/pull/4967,2021,10,41,,refactor,53,2021-10-11 06:50:09,2021-10-11 06:53:54,2021-10-11 07:30:43,2021-10-11 07:30:43,2021-10-11 07:43:57,1,8,8,2,SBPRF-12067 Update Polyphony.,"merge-me,update-me",true,true
4966,https://github.com/bizreach-inc/hrmony-prf/pull/4966,2021,10,42,goal,feat,14947,2021-10-08 00:06:01,2021-10-11 06:19:36,2021-10-11 07:10:41,2021-10-13 06:28:08,2021-10-18 09:13:59,26,1449,279,22,SBPRF-11508 save collaborator review,merge-me,true,true
4965,https://github.com/bizreach-inc/hrmony-prf/pull/4965,2021,10,41,goal,feat,1721,2021-10-11 05:24:09,2021-10-11 05:30:09,2021-10-12 08:22:48,2021-10-12 08:22:48,2021-10-12 10:05:27,2,11,9,2,SBPRF-11448 Renovation UI of the user review page,merge-me,true,false
4964,https://github.com/bizreach-inc/hrmony-prf/pull/4964,2021,10,42,goal,feat,14411,2021-10-08 08:13:48,2021-10-11 04:08:20,2021-10-11 06:27:56,2021-10-18 00:27:22,2021-10-18 08:25:40,49,863,299,18,SBPRF-11508 collaborator can save review,merge-me,true,false
4962,https://github.com/bizreach-inc/hrmony-prf/pull/4962,2021,10,40,goal,feat,13,2021-10-08 11:16:46,2021-10-08 11:16:59,2021-10-08 11:29:56,2021-10-08 11:29:56,2021-10-08 11:30:44,1,928,314,52,SBPRF-11789 Revert Revert ReviewCollaborator can view review page,merge-me,true,true
4961,https://github.com/bizreach-inc/hrmony-prf/pull/4961,2021,10,42,org,refactor,20071,2021-10-06 10:20:59,2021-10-08 10:04:27,2021-10-11 03:02:39,2021-10-18 09:29:56,2021-10-20 08:52:34,35,120,447,14,SBPRF-6914 Core v3 1st phase Preparation,merge-me,true,true
4960,https://github.com/bizreach-inc/hrmony-prf/pull/4960,2021,10,40,goal,feat,30,2021-10-08 09:39:21,2021-10-08 09:39:41,2021-10-08 10:07:55,2021-10-08 10:07:55,2021-10-08 10:09:30,1,314,928,52,SBPRF-11789 Revert ReviewCollaborator can view review page,merge-me,true,true
4959,https://github.com/bizreach-inc/hrmony-prf/pull/4959,2021,10,41,goal,feat,5723,2021-10-08 08:57:30,2021-10-08 09:01:17,2021-10-12 02:23:59,2021-10-12 05:34:39,2021-10-12 08:20:46,5,76,33,13,SBPRF-11503 alternative reviewers can navigate to members table,"merge-me,update-me",true,true
4958,https://github.com/bizreach-inc/hrmony-prf/pull/4958,2021,10,41,goal,fix,5856,2021-10-08 03:02:56,2021-10-08 03:27:23,2021-10-12 01:44:19,2021-10-12 04:38:40,2021-10-12 04:39:30,23,442,114,47,SBPRF-12007  Fix PO PD PMM check feedback,merge-me,true,false
4957,https://github.com/bizreach-inc/hrmony-prf/pull/4957,2021,10,41,,chore,8737,2021-10-08 02:41:59,2021-10-08 02:45:05,2021-10-14 01:04:22,2021-10-14 01:04:22,2021-10-14 04:19:11,2,7,7,7,SBPRF-11104 Extend mailgun sending timeout,"merge-me,xem",false,true
4956,https://github.com/bizreach-inc/hrmony-prf/pull/4956,2021,10,41,pulse,feat,18223,2021-09-30 09:56:13,2021-10-08 02:39:20,2021-10-08 05:31:00,2021-10-13 01:38:39,2021-10-13 01:39:21,129,1022,62,34,SBPRF-10874 Create pulse page for employee,merge-me,true,true
4954,https://github.com/bizreach-inc/hrmony-prf/pull/4954,2021,10,40,1on1,feat,464,2021-10-07 01:39:10,2021-10-07 01:54:07,2021-10-07 05:55:36,2021-10-07 09:08:53,2021-10-07 09:23:35,3,22,56,13,SBPRF-10879 Prepare for delivery.,merge-me,true,false
4953,https://github.com/bizreach-inc/hrmony-prf/pull/4953,2021,10,41,goal,feat,12958,2021-10-04 00:44:38,2021-10-05 09:08:37,2021-10-12 08:47:06,2021-10-12 10:19:01,2021-10-13 00:43:29,14,445,163,22,SBPRF-11127 Renovation UI of the review edit page.,merge-me,true,false
4952,https://github.com/bizreach-inc/hrmony-prf/pull/4952,2021,10,40,goal,feat,5743,2021-10-04 07:41:41,2021-10-05 06:12:02,2021-10-05 23:05:48,2021-10-07 00:31:17,2021-10-08 07:25:36,15,770,173,27,SBPRF-11700 add custom modal,merge-me,true,true
4951,https://github.com/bizreach-inc/hrmony-prf/pull/4951,2021,10,41,pulse,feat,16729,2021-09-30 09:56:13,2021-10-05 04:57:07,2021-10-06 10:13:31,2021-10-06 10:28:33,2021-10-12 00:45:58,93,1702,246,64,SBPRF-11117 use_scoped_authorization,merge-me,true,true
4950,https://github.com/bizreach-inc/hrmony-prf/pull/4950,2021,10,40,,chore,3800,2021-10-04 11:55:45,2021-10-04 11:58:04,2021-10-05 00:40:55,2021-10-07 03:01:41,2021-10-07 03:15:47,2,17,26,2,SBPRF-11984 Remove unused akka quartz schedules,"merge-me,xem",false,true
4949,https://github.com/bizreach-inc/hrmony-prf/pull/4949,2021,10,40,survey,fix,966,2021-10-04 10:50:30,2021-10-04 10:52:49,2021-10-05 02:46:45,2021-10-05 02:46:45,2021-10-05 02:56:42,3,336,35,3,SBPRF-11801 previous_categories_plot_should_be_displayed_regardless_of_authority,merge-me,true,true
4948,https://github.com/bizreach-inc/hrmony-prf/pull/4948,2021,10,40,1on1,fix,1007,2021-10-04 07:57:41,2021-10-04 08:12:15,2021-10-04 08:51:00,2021-10-05 00:21:19,2021-10-05 00:45:38,4,40,9,4,SBPRF-11796 Always show placeholder when image does not exist,merge-me,true,false
4947,https://github.com/bizreach-inc/hrmony-prf/pull/4947,2021,10,40,goal,feat,1059,2021-10-04 07:39:02,2021-10-04 07:41:42,2021-10-04 09:44:09,2021-10-05 01:14:31,2021-10-05 01:18:34,3,104,0,2,SBPRF-11127 Can send google analytics events.,merge-me,true,false
4946,https://github.com/bizreach-inc/hrmony-prf/pull/4946,2021,10,40,goal,feat,5988,2021-10-04 06:05:35,2021-10-04 06:31:18,2021-10-08 09:42:09,2021-10-08 09:49:47,2021-10-08 09:54:33,15,1101,379,44,SBPRF-11128  renovation review detail UI,merge-me,true,false
4942,https://github.com/bizreach-inc/hrmony-prf/pull/4942,2021,10,41,goal,feat,17059,2021-10-01 09:35:36,2021-10-01 09:37:26,2021-10-13 05:51:19,2021-10-13 05:51:19,2021-10-13 05:54:44,15,1747,586,74,SBPRF-11127 Renovation review UI.,merge-me,true,false
4941,https://github.com/bizreach-inc/hrmony-prf/pull/4941,2021,10,40,goal,fix,6917,2021-10-01 07:04:31,2021-10-01 09:14:06,2021-10-05 06:06:50,2021-10-06 02:15:00,2021-10-06 02:21:51,13,288,162,25,SBPRF-11125  dev check fix,merge-me,true,false
4940,https://github.com/bizreach-inc/hrmony-prf/pull/4940,2021,10,40,goal,feat,15966,2021-09-27 04:44:10,2021-10-01 07:20:08,2021-10-04 10:50:30,2021-10-06 23:14:32,2021-10-08 06:51:09,45,928,314,52,SBPRF-11789 ReviewCollaborator can view review page,"merge-me,update-me",true,true
4939,https://github.com/bizreach-inc/hrmony-prf/pull/4939,2021,10,39,goal,feat,322,2021-10-01 04:13:30,2021-10-01 05:01:41,2021-10-01 09:10:38,2021-10-01 09:10:38,2021-10-01 09:35:36,5,34,24,6,SBPRF-11127 Update the review show item component.,merge-me,true,false
4938,https://github.com/bizreach-inc/hrmony-prf/pull/4938,2021,10,39,goal,fix,194,2021-10-01 04:46:59,2021-10-01 04:48:19,2021-10-01 07:01:12,2021-10-01 08:00:34,2021-10-01 08:01:13,5,4,47,6,SBPRF-11125 Move indicator component to shared,merge-me,true,false
4933,https://github.com/bizreach-inc/hrmony-prf/pull/4933,2021,10,39,,,2,2021-10-01 00:45:23,2021-10-01 00:47:00,,,2021-10-01 00:47:31,1,41,0,4,-,,true,false
4932,https://github.com/bizreach-inc/hrmony-prf/pull/4932,2021,10,40,pulse,feat,7154,2021-09-30 09:56:13,2021-09-30 10:03:00,2021-10-04 06:49:32,2021-10-04 10:38:55,2021-10-05 09:10:14,32,1529,491,37,SBPRF-10870 Enable to manage pulse-survey for authorized members,merge-me,true,true
4929,https://github.com/bizreach-inc/hrmony-prf/pull/4929,2021,10,40,goal,feat,27568,2021-09-17 02:20:51,2021-09-30 02:46:24,2021-10-06 01:35:05,2021-10-06 05:46:36,2021-10-06 05:49:42,32,327,93,26,SBPRF-11126 Goal show page UI renovation (fix design bugs),merge-me,true,false
4928,https://github.com/bizreach-inc/hrmony-prf/pull/4928,2021,9,39,goal,feat,1071,2021-09-29 08:49:07,2021-09-29 08:50:17,2021-09-29 09:53:21,2021-09-29 23:45:08,2021-09-30 02:40:17,2,26,0,1,SBPRF-10880 DDL Can disclose calculation section,"db-migration,merge-me",true,true
4927,https://github.com/bizreach-inc/hrmony-prf/pull/4927,2021,10,41,,chore,20231,2021-09-29 07:36:45,2021-09-29 07:37:43,2021-10-01 01:55:35,2021-10-01 01:55:35,2021-10-13 08:47:48,3,94,14,5,SBPRF-8141 switch database in local development,"merge-me,xem",false,true
4926,https://github.com/bizreach-inc/hrmony-prf/pull/4926,2021,10,39,goal,feat,20290,2021-09-17 02:20:51,2021-09-29 06:27:45,2021-10-01 04:11:47,2021-10-01 04:11:47,2021-10-01 04:30:54,17,935,414,47,SBPRF-11126 Goal show page UI renovation,merge-me,true,false
4925,https://github.com/bizreach-inc/hrmony-prf/pull/4925,2021,11,45,goal,feat,62267,2021-09-29 06:18:53,2021-09-29 06:21:33,2021-11-11 11:57:54,2021-11-11 11:57:54,2021-11-11 12:06:07,60,4754,1379,183,SBPRF-11129 Renovate Goal and Review Sheet for Employee,"merge-me,update-me",true,true
4924,https://github.com/bizreach-inc/hrmony-prf/pull/4924,2021,9,39,goal,feat,1173,2021-09-28 11:36:51,2021-09-29 05:50:59,2021-09-29 06:58:40,2021-09-29 06:58:40,2021-09-29 07:10:14,14,200,15,14,SBPRF-11126 Can send ga events.,,true,false
4923,https://github.com/bizreach-inc/hrmony-prf/pull/4923,2021,9,39,goal,feat,1141,2021-09-28 11:36:51,2021-09-29 03:02:37,2021-09-29 04:21:26,2021-09-29 06:31:41,2021-09-29 06:37:51,14,280,84,21,SBPRF-11126 Goal show page UI renovation (part3),merge-me,true,false
4922,https://github.com/bizreach-inc/hrmony-prf/pull/4922,2021,10,40,goal,fix,13411,2021-09-29 01:37:51,2021-09-29 01:40:32,2021-09-29 08:40:39,2021-09-29 09:53:08,2021-10-08 09:09:10,6,102,13,8,SBPRF-11630 Scroll to the latest activity,merge-me,true,true
4921,https://github.com/bizreach-inc/hrmony-prf/pull/4921,2021,9,39,goal,feat,11649,2021-09-21 05:02:52,2021-09-28 10:10:40,2021-09-29 01:21:28,2021-09-29 07:10:50,2021-09-29 07:11:59,33,744,278,41,SBPRF-11126 Goal show page UI renovation (part2),merge-me,true,false
4920,https://github.com/bizreach-inc/hrmony-prf/pull/4920,2021,10,40,goal,refactor,13098,2021-09-28 07:57:04,2021-09-28 07:57:39,2021-09-29 02:37:31,2021-09-30 00:46:40,2021-10-07 10:15:48,5,72,188,12,SBPRF-11787 use patch update for individual review,merge-me,true,true
4919,https://github.com/bizreach-inc/hrmony-prf/pull/4919,2021,9,39,goal,feat,19710,2021-09-17 06:39:17,2021-09-28 00:02:23,2021-09-28 04:11:33,2021-09-29 03:25:12,2021-09-30 23:10:16,10,606,248,25,SBPRF-11343 add custom csv,,true,false
4918,https://github.com/bizreach-inc/hrmony-prf/pull/4918,2021,9,39,survey,feat,4356,2021-09-27 08:23:06,2021-09-27 08:27:24,2021-09-29 02:38:29,2021-09-29 02:38:29,2021-09-30 08:59:57,8,10,112,8,SBPRF-11844 deliver sentiment analysis,merge-me,true,true
4917,https://github.com/bizreach-inc/hrmony-prf/pull/4917,2021,10,40,goal,refactor,14715,2021-09-27 04:44:10,2021-09-27 04:47:14,2021-09-27 07:43:57,2021-09-27 09:54:54,2021-10-07 09:59:46,15,32,32,7,SBPRF-11768 use step to fetch review,"merge-me,update-me",true,true
4916,https://github.com/bizreach-inc/hrmony-prf/pull/4916,2021,9,39,,fix,435,2021-09-27 03:20:17,2021-09-27 03:21:52,2021-09-27 06:19:15,2021-09-27 10:00:01,2021-09-27 10:36:03,4,11,4,3,SBPRF-9487 Enable to logout from 404 page,merge-me,true,true
4912,https://github.com/bizreach-inc/hrmony-prf/pull/4912,2021,9,39,1on1,fix,18473,2021-09-17 10:31:59,2021-09-24 01:43:56,2021-09-28 02:02:08,2021-09-28 02:02:08,2021-09-30 06:25:06,4,1,1,1,SBPRF-11538 Fix if for aggregating reports,"merge-me,update-me",true,true
4911,https://github.com/bizreach-inc/hrmony-prf/pull/4911,2021,9,39,goal,feat,6987,2021-09-22 07:57:21,2021-09-22 10:17:38,2021-09-27 01:43:30,,2021-09-27 04:24:36,8,248,66,19,SBPRF-11125  part 3 goal edit page UI renovation,merge-me,true,false
4910,https://github.com/bizreach-inc/hrmony-prf/pull/4910,2021,9,38,goal,fix,121,2021-09-22 04:34:28,2021-09-22 06:16:20,2021-09-22 06:22:41,2021-09-22 06:22:41,2021-09-22 06:35:47,4,142,70,8,SBPRF-11125  review fix,merge-me,true,false
4909,https://github.com/bizreach-inc/hrmony-prf/pull/4909,2021,9,38,org,hotfix,179,2021-09-22 05:18:48,2021-09-22 05:22:56,2021-09-22 07:30:09,2021-09-22 07:59:01,2021-09-22 08:18:06,1,16,0,2,SBPRF-11812: increase system timeout for core sync,merge-me,true,true
4908,https://github.com/bizreach-inc/hrmony-prf/pull/4908,2021,9,38,survey,feat,346,2021-09-22 05:15:17,2021-09-22 05:17:42,2021-09-22 07:34:12,2021-09-22 07:37:37,2021-09-22 11:02:09,8,6,1301,13,SBPRF-11813 Delivery of correlation confidency,merge-me,true,true
4907,https://github.com/bizreach-inc/hrmony-prf/pull/4907,2021,9,39,goal,feat,14640,2021-09-17 02:20:51,2021-09-22 05:14:45,2021-09-22 10:15:50,2021-09-22 10:15:50,2021-09-27 06:21:47,32,967,303,56,SBPRF-11126 Goal show page UI renovation,merge-me,true,false
4906,https://github.com/bizreach-inc/hrmony-prf/pull/4906,2021,9,39,pulse,fix,10510,2021-09-22 01:34:14,2021-09-22 01:36:26,2021-09-27 02:07:16,2021-09-29 06:45:05,2021-09-29 08:44:53,17,971,7,8,SBPRF-11668 Fix pulse-question ordering,merge-me,true,true
4905,https://github.com/bizreach-inc/hrmony-prf/pull/4905,2021,9,38,goal,feat,1572,2021-09-21 05:02:52,2021-09-21 05:34:26,2021-09-22 07:03:05,2021-09-22 07:03:05,2021-09-22 07:15:45,11,330,106,20,SBPRF-11125 part 2 - Add progress bar to measures,merge-me,true,false
4904,https://github.com/bizreach-inc/hrmony-prf/pull/4904,2021,9,38,,docs,1937,2021-09-21 01:55:44,2021-09-21 01:58:09,2021-09-21 02:28:35,2021-09-22 06:56:18,2021-09-22 10:13:43,4,84,6231,7,SBPRF-6283 Anyone can look Open API Spec on website,"merge-me,xem",false,true
4903,https://github.com/bizreach-inc/hrmony-prf/pull/4903,2021,9,38,,refactor,259,2021-09-21 01:02:27,2021-09-21 01:03:33,2021-09-21 05:00:13,2021-09-21 05:00:13,2021-09-21 05:22:12,2,2,2,1,SBPRF-10063 Upgrade libraries related to Circe,"merge-me,xem",false,true
4902,https://github.com/bizreach-inc/hrmony-prf/pull/4902,2021,9,38,1on1,refactor,259,2021-09-21 00:52:04,2021-09-21 00:53:46,2021-09-21 05:01:56,2021-09-21 05:01:56,2021-09-21 05:11:13,3,6,6,2,SBPRF-6325 Upgrade libraries related to Google Api,"merge-me,xem",false,true
4898,https://github.com/bizreach-inc/hrmony-prf/pull/4898,2021,10,43,,refactor,56152,2021-09-20 01:08:24,2021-09-20 01:08:42,2021-10-29 00:40:32,2021-10-29 00:40:32,2021-10-29 01:00:59,8,1,1,1,SBPRF-11805 Update scala-guice to 5.0.2,"merge-me,xem",false,true
4896,https://github.com/bizreach-inc/hrmony-prf/pull/4896,2021,9,37,,refactor,27,2021-09-17 07:26:16,2021-09-17 07:10:53,2021-09-17 07:52:47,2021-09-17 07:52:47,2021-09-17 07:53:55,1,0,3990,45,HESRE-2702  LambdaをTerraformリポジトリに移行する,"merge-me,update-me",true,true
4895,https://github.com/bizreach-inc/hrmony-prf/pull/4895,2021,9,39,goal,chore,16127,2021-09-17 06:55:24,2021-09-17 06:57:08,2021-09-27 06:02:14,2021-09-27 09:41:36,2021-09-28 11:42:26,27,21,2,7,SBPRF-11655 Make review and goal depend on each other,"merge-me,update-me",true,true
4894,https://github.com/bizreach-inc/hrmony-prf/pull/4894,2021,10,39,goal,feat,20125,2021-09-17 02:20:51,2021-09-17 03:28:48,2021-09-21 04:30:14,2021-09-29 04:28:31,2021-10-01 01:45:55,17,832,108,44,SBPRF-11125  goal edit page UI renovation,merge-me,true,false
4893,https://github.com/bizreach-inc/hrmony-prf/pull/4893,2021,9,37,goal,fix,500,2021-09-17 01:22:45,2021-09-17 01:26:27,2021-09-17 07:30:33,2021-09-17 09:34:59,2021-09-17 09:43:24,4,21,9,3,SBPRF-11671 Show a section review when the section has only criterions,merge-me,true,false
4892,https://github.com/bizreach-inc/hrmony-prf/pull/4892,2021,9,37,goal,fix,325,2021-09-17 01:16:36,2021-09-17 01:18:37,2021-09-17 06:39:51,2021-09-17 06:39:51,2021-09-17 06:42:32,1,1,1,1,SBPRF-11662 Fix words in the modal.,merge-me,true,false
4890,https://github.com/bizreach-inc/hrmony-prf/pull/4890,2021,9,37,,refactor,2251,2021-09-15 12:13:41,2021-09-15 12:16:41,2021-09-17 00:30:36,2021-09-17 00:30:36,2021-09-17 01:45:33,2,1,1,1,SBPRF-7327 Update java-dogstatsd-client to 2.13.0,"merge-me,xem",false,true
4889,https://github.com/bizreach-inc/hrmony-prf/pull/4889,2021,9,39,,chore,21259,2021-09-15 08:33:10,2021-09-15 09:03:03,2021-09-28 02:32:17,2021-09-28 02:32:17,2021-09-30 02:52:48,4,22,8,2,SBPRF-11636 Update the polyphony.,"merge-me,update-me,xem",false,true
4888,https://github.com/bizreach-inc/hrmony-prf/pull/4888,2021,9,38,,feat,8302,2021-09-15 06:23:50,2021-09-15 06:45:42,2021-09-16 06:15:54,2021-09-21 00:46:06,2021-09-21 00:46:10,4,2,1,1,HESRE-2869 update local postgresql version 10.6 -> 10.17,merge-me,true,true
4887,https://github.com/bizreach-inc/hrmony-prf/pull/4887,2021,9,37,1on1,fix,1574,2021-09-14 07:06:12,2021-09-14 09:12:49,2021-09-15 06:33:35,2021-09-15 06:33:35,2021-09-15 09:20:20,8,28,25,8,SBPRF-6130 Fix to add null check.,"merge-me,update-me",true,true
4886,https://github.com/bizreach-inc/hrmony-prf/pull/4886,2021,9,39,pulse,feat,25562,2021-09-10 08:04:34,2021-09-14 02:55:32,2021-09-14 04:24:31,2021-09-27 11:02:50,2021-09-28 02:07:09,75,3805,22,75,SBPRF-10865 can edit pulse scope,merge-me,true,true
4885,https://github.com/bizreach-inc/hrmony-prf/pull/4885,2021,9,37,1on1,fix,2610,2021-09-13 06:02:25,2021-09-13 06:03:50,2021-09-14 06:09:07,2021-09-14 07:28:58,2021-09-15 01:33:09,5,1,1,1,SBPRF-10923 Don't put delete button on recommended topic,"merge-me,update-me",true,true
4884,https://github.com/bizreach-inc/hrmony-prf/pull/4884,2021,9,39,goal,feat,24223,2021-09-13 07:24:07,2021-09-13 05:02:54,2021-09-28 05:38:58,2021-09-30 02:10:59,2021-09-30 03:07:42,54,1019,104,27,SBPRF-11347 Register collaborator with permission,"merge-me,update-me",true,true
4882,https://github.com/bizreach-inc/hrmony-prf/pull/4882,2021,9,37,,refactor,2881,2021-09-13 01:08:11,2021-09-13 01:10:26,2021-09-14 05:28:41,2021-09-14 05:28:41,2021-09-15 01:09:37,2,1,1,1,SBPRF-6892 Update sentry-logback to 5.1.2,"merge-me,update-me",true,true
4880,https://github.com/bizreach-inc/hrmony-prf/pull/4880,2021,9,37,1on1,fix,3843,2021-09-10 10:21:49,2021-09-10 10:41:42,2021-09-13 01:31:28,2021-09-13 01:31:28,2021-09-13 02:24:59,5,53,49,8,SBPRF-10879 [BE] Fix creating process.,merge-me,true,false
4879,https://github.com/bizreach-inc/hrmony-prf/pull/4879,2021,9,37,1on1,feat,5742,2021-09-10 06:32:10,2021-09-10 09:07:45,2021-09-14 02:57:14,2021-09-14 02:57:14,2021-09-14 06:14:55,11,510,75,36,SBPRF-10879 [FE] Can change the todo owner.,merge-me,true,false
4878,https://github.com/bizreach-inc/hrmony-prf/pull/4878,2021,9,37,pulse,feat,7124,2021-09-10 08:04:34,2021-09-10 08:05:49,2021-09-14 04:16:30,2021-09-14 04:16:30,2021-09-15 06:48:38,16,484,43,16,SBPRF-10864 Add authorization for pulse-survey,merge-me,true,true
4877,https://github.com/bizreach-inc/hrmony-prf/pull/4877,2021,9,37,pulse,chore,5523,2021-09-10 06:54:04,2021-09-10 06:55:48,2021-09-13 02:56:35,2021-09-13 03:00:45,2021-09-14 02:57:20,11,1407,0,2,SBPRF-11517: add fixed pulse data,merge-me,true,true
4876,https://github.com/bizreach-inc/hrmony-prf/pull/4876,2021,9,37,goal,fix,4220,2021-09-10 05:49:58,2021-09-10 05:54:43,2021-09-13 02:34:06,2021-09-13 02:34:06,2021-09-13 04:10:53,3,10,4,1,SBPRF-11486  fix position activity buttons,merge-me,true,false
4875,https://github.com/bizreach-inc/hrmony-prf/pull/4875,2021,9,37,goal,feat,8362,2021-09-10 05:43:57,2021-09-10 05:44:34,2021-09-10 08:34:48,2021-09-15 07:16:14,2021-09-16 01:06:55,42,1133,44,37,SBPRF-011544 List review collaborators,"merge-me,update-me",true,true
4874,https://github.com/bizreach-inc/hrmony-prf/pull/4874,2021,9,37,pulse,feat,4333,2021-09-10 05:07:05,2021-09-10 05:10:54,2021-09-10 06:53:03,2021-09-10 06:53:03,2021-09-13 05:20:46,10,210,17,18,SBPRF-1134_can_delete_pulse,merge-me,true,true
4873,https://github.com/bizreach-inc/hrmony-prf/pull/4873,2021,9,36,goal,fix,9,2021-09-10 04:57:27,2021-09-10 05:02:45,2021-09-10 05:06:41,2021-09-10 05:06:41,2021-09-10 05:07:13,2,11,34,3,SBPRF-10880  ddl remove updated by created by,"db-migration,merge-me",true,false
4872,https://github.com/bizreach-inc/hrmony-prf/pull/4872,2021,9,37,,chore,4071,2021-09-10 04:37:32,2021-09-10 04:39:45,2021-09-13 00:01:33,2021-09-13 00:01:33,2021-09-13 00:28:43,4,2,2,2,"SBPRF-10418 Rename test,it:test to Test/test,integrationTest/test for the new syntax",merge-me,true,true
4871,https://github.com/bizreach-inc/hrmony-prf/pull/4871,2021,9,37,goal,feat,5779,2021-09-10 01:51:51,2021-09-10 01:52:59,2021-09-10 04:19:50,2021-09-14 01:55:52,2021-09-14 02:11:24,9,429,34,5,SBPRF-11544 review_collaborators db migration,"db-migration,merge-me",true,true
4870,https://github.com/bizreach-inc/hrmony-prf/pull/4870,2021,9,36,goal,feat,1204,2021-09-09 08:24:00,2021-09-09 08:32:36,2021-09-10 01:04:47,2021-09-10 01:04:47,2021-09-10 04:28:21,1,32,5,3,SBPRF-10880 Fix FE disclose section score,merge-me,true,false
4869,https://github.com/bizreach-inc/hrmony-prf/pull/4869,2021,9,36,goal,fix,80,2021-09-08 10:44:27,2021-09-08 10:45:29,2021-09-08 11:58:30,2021-09-08 12:03:18,2021-09-08 12:04:39,3,15,5,3,SBPRF-10880 Fix testcase and comment,merge-me,true,false
4868,https://github.com/bizreach-inc/hrmony-prf/pull/4868,2021,9,36,1on1,feat,1408,2021-09-08 06:04:41,2021-09-08 07:34:32,2021-09-09 01:37:16,2021-09-09 01:50:43,2021-09-09 05:33:29,3,8,8,6,"SBPRF-10879 Change names of ""todo"" to ""action"".",merge-me,true,false
4867,https://github.com/bizreach-inc/hrmony-prf/pull/4867,2021,9,36,goal,fix,12,2021-09-08 06:57:01,2021-09-08 06:58:07,2021-09-08 07:02:10,2021-09-08 07:02:10,2021-09-08 07:09:03,1,11,6,1,SBPRF-10880 Fix request parsed,merge-me,true,false
4866,https://github.com/bizreach-inc/hrmony-prf/pull/4866,2021,9,39,goal,feat,41688,2021-09-02 01:10:44,2021-09-08 06:40:36,2021-09-08 08:12:38,2021-09-16 04:20:28,2021-09-30 23:59:19,36,1308,134,33,SBPRF-11340 newcsv body,merge-me,true,true
4865,https://github.com/bizreach-inc/hrmony-prf/pull/4865,2021,9,36,survey,feat,322,2021-09-08 02:50:38,2021-09-08 03:03:02,2021-09-08 06:52:24,2021-09-08 06:52:24,2021-09-08 08:12:45,4,2,12,2,SBPRF-9339 Not to total survey report to 100%,merge-me,true,true
4864,https://github.com/bizreach-inc/hrmony-prf/pull/4864,2021,9,36,1on1,feat,944,2021-09-07 09:28:33,2021-09-07 09:30:14,2021-09-08 00:36:28,2021-09-08 00:36:28,2021-09-08 01:13:28,2,4,4,1,SBPRF-10879 Update the slack notifications to display an owned by.,merge-me,true,false
4863,https://github.com/bizreach-inc/hrmony-prf/pull/4863,2021,9,36,1on1,feat,339,2021-09-07 04:27:03,2021-09-07 04:32:33,2021-09-07 09:45:30,2021-09-07 09:45:30,2021-09-07 10:06:30,9,96,5,9,SBPRF-10879 Can assign an owner when updating the todo.,merge-me,true,false
4862,https://github.com/bizreach-inc/hrmony-prf/pull/4862,2021,9,36,goal,feat,2671,2021-09-06 08:09:46,2021-09-06 08:12:21,2021-09-08 01:05:16,2021-09-08 04:25:49,2021-09-08 04:40:52,17,728,146,32,SBPRF-10880 BE Disclose Section Score,merge-me,true,false
4861,https://github.com/bizreach-inc/hrmony-prf/pull/4861,2021,9,36,goal,feat,2995,2021-09-06 07:10:59,2021-09-06 07:29:02,2021-09-07 05:26:43,2021-09-07 05:26:43,2021-09-08 09:06:05,8,124,30,15,SBPRF-10880 FE disclose section score,merge-me,true,false
4860,https://github.com/bizreach-inc/hrmony-prf/pull/4860,2021,9,36,1on1,feat,1120,2021-09-06 06:51:22,2021-09-06 06:57:37,2021-09-06 09:30:20,2021-09-06 09:30:20,2021-09-07 01:32:05,6,56,25,15,SBPRF-10879 Can assign an owner when creating the todo.,merge-me,true,false
4858,https://github.com/bizreach-inc/hrmony-prf/pull/4858,2021,9,37,,refactor,16304,2021-09-06 01:08:24,2021-09-06 01:08:42,2021-09-17 00:30:28,2021-09-17 00:30:28,2021-09-17 08:53:11,3,1,1,1,SBPRF-11458 Update dd-java-agent to 0.87.0,"merge-me,xem",false,true
4857,https://github.com/bizreach-inc/hrmony-prf/pull/4857,2021,9,36,goal,feat,3778,2021-09-03 10:20:58,2021-09-03 10:23:02,2021-09-06 00:37:23,2021-09-06 00:37:23,2021-09-06 01:19:24,3,200,1,3,SBPRF-10880 Add calculation_disclosed_settings table,"db-migration,merge-me",true,false
4856,https://github.com/bizreach-inc/hrmony-prf/pull/4856,2021,9,39,goal,feat,38941,2021-09-03 10:01:40,2021-09-03 10:03:48,2021-09-30 11:02:36,2021-09-30 11:02:36,2021-09-30 11:02:55,31,1076,199,52,SBPRF-10880 Can disclose calculation section,"merge-me,update-me",true,true
4855,https://github.com/bizreach-inc/hrmony-prf/pull/4855,2021,9,37,survey,feat,14223,2021-09-03 09:23:29,2021-09-03 09:26:09,2021-09-08 02:40:55,2021-09-08 02:40:55,2021-09-13 06:27:13,17,212,65,17,SBPRF-7068 improve sentiment analysis,"merge-me,update-me",true,true
4854,https://github.com/bizreach-inc/hrmony-prf/pull/4854,2021,9,36,1on1,feat,4362,2021-09-03 05:39:25,2021-09-03 08:02:01,2021-09-05 05:43:31,2021-09-06 06:19:35,2021-09-06 06:21:45,8,26,11,5,SBPRF-10879 Add migration files.,"db-migration,merge-me",true,false
4853,https://github.com/bizreach-inc/hrmony-prf/pull/4853,2021,9,35,goal,feat,153,2021-09-03 07:27:45,2021-09-03 07:30:07,2021-09-03 07:49:12,2021-09-03 09:42:19,2021-09-03 10:01:41,1,10,35,1,SBPRF-10880 Update OAS,merge-me,true,false
4852,https://github.com/bizreach-inc/hrmony-prf/pull/4852,2021,9,36,survey,feat,11735,2021-08-31 06:18:18,2021-09-03 06:57:10,2021-09-06 01:38:15,2021-09-08 07:51:26,2021-09-08 09:53:58,57,1302,21,22,SBPRF-10861 correlation graph with confidence,merge-me,true,true
4851,https://github.com/bizreach-inc/hrmony-prf/pull/4851,2021,10,40,1on1,feat,49269,2021-09-03 05:54:25,2021-09-03 05:56:37,2021-09-14 09:10:36,2021-09-14 09:10:36,2021-10-07 11:04:19,29,724,155,63,SBPRF-10879 Can assign the owner to todo.,"db-migration,merge-me,update-me",true,true
4850,https://github.com/bizreach-inc/hrmony-prf/pull/4850,2021,9,36,,chore,5662,2021-09-03 04:38:40,2021-09-03 04:54:04,2021-09-03 11:16:16,2021-09-06 07:11:13,2021-09-07 03:01:05,3,5477,28,6,SPBRF-7028 add linter for open-api docs,"merge-me,update-me,xem",false,true
4849,https://github.com/bizreach-inc/hrmony-prf/pull/4849,2021,9,37,goal,feat,18623,2021-09-02 01:10:44,2021-09-03 04:08:33,2021-09-03 07:36:59,2021-09-13 01:08:45,2021-09-14 23:34:02,14,1103,10,15,SBPRF-11338 add newcsv column def,merge-me,true,true
4848,https://github.com/bizreach-inc/hrmony-prf/pull/4848,2021,9,35,1on1,chore,231,2021-09-03 02:02:38,2021-09-03 02:08:52,2021-09-03 05:41:28,2021-09-03 05:54:04,2021-09-03 05:54:25,2,5,5,1,SBPRF-10879 Update OAS.,"merge-me,update-me",true,false
4846,https://github.com/bizreach-inc/hrmony-prf/pull/4846,2021,9,35,1on1,docs,24214,2021-08-17 06:16:04,2021-09-02 07:27:19,2021-09-03 01:37:13,2021-09-03 01:37:13,2021-09-03 01:50:14,2,2940,227,2,SBPRF-9529 Update 1on1 rest api document,"merge-me,update-me",true,true
4845,https://github.com/bizreach-inc/hrmony-prf/pull/4845,2021,9,35,goal,fix,22,2021-09-02 06:00:30,2021-09-02 06:02:01,2021-09-02 06:07:13,2021-09-02 06:07:35,2021-09-02 06:22:50,1,1,1,1,SBPRF-11372 fix function id,merge-me,true,true
4844,https://github.com/bizreach-inc/hrmony-prf/pull/4844,2021,9,35,goal,feat,552,2021-09-02 01:59:06,2021-09-02 02:26:44,2021-09-02 04:31:27,2021-09-02 09:02:51,2021-09-02 11:11:19,2,1,5,2,SBPRF-11271 remove control flag for showing core reference items,"merge-me,update-me",true,true
4843,https://github.com/bizreach-inc/hrmony-prf/pull/4843,2021,9,36,1on1,fix,11618,2021-09-01 02:22:00,2021-09-01 02:23:52,2021-09-02 01:52:12,2021-09-02 02:23:50,2021-09-09 04:00:41,3,13,8,1,SBPRF-11322 Fix arranged count by month,merge-me,true,true
4841,https://github.com/bizreach-inc/hrmony-prf/pull/4841,2021,9,37,goal,feat,23160,2021-08-31 07:02:04,2021-08-31 07:11:41,2021-08-31 09:58:21,2021-09-01 06:08:32,2021-09-16 09:02:11,12,1253,132,72,SBPRF-11119 Update activities in review,"merge-me,update-me",true,true
4840,https://github.com/bizreach-inc/hrmony-prf/pull/4840,2021,9,35,1on1,fix,1526,2021-08-31 07:04:34,2021-08-31 07:09:02,2021-09-01 07:43:51,2021-09-01 07:43:51,2021-09-01 08:31:21,2,3,3,1,SBPRF-10945 Fix to not italicization of urls.,"merge-me,update-me",true,true
4839,https://github.com/bizreach-inc/hrmony-prf/pull/4839,2021,9,36,survey,fix,11228,2021-08-31 06:18:18,2021-08-31 06:20:55,2021-09-01 10:38:01,2021-09-01 10:38:01,2021-09-08 01:26:34,18,117,41,11,SBPRF-10245: Fix color of result for survey,merge-me,true,true
4838,https://github.com/bizreach-inc/hrmony-prf/pull/4838,2021,9,35,pulse,fix,1353,2021-08-31 03:00:57,2021-08-31 03:01:59,2021-08-31 07:01:54,2021-08-31 07:01:54,2021-09-01 01:34:36,5,21,2,4,SBPRF-7689 lower pulse description character limit,merge-me,true,true
4837,https://github.com/bizreach-inc/hrmony-prf/pull/4837,2021,9,36,goal,feat,20127,2021-08-27 11:00:08,2021-08-30 10:52:45,2021-08-31 02:43:23,2021-09-08 10:59:18,2021-09-10 10:27:16,21,228,44,16,SBPRF-4958 Add checkbox to filter member whose uncompleted reviews,"merge-me,update-me",true,true
4836,https://github.com/bizreach-inc/hrmony-prf/pull/4836,2021,9,35,1on1,feat,4610,2021-08-30 04:35:36,2021-08-30 04:43:00,2021-08-30 06:21:18,2021-08-30 06:21:18,2021-09-02 09:26:34,3,2,28,4,Can use the 1on1 search.,"merge-me,update-me",true,true
4832,https://github.com/bizreach-inc/hrmony-prf/pull/4832,2021,8,34,pulse,refactor,1200,2021-08-26 11:03:40,2021-08-27 06:47:22,2021-08-27 06:59:51,2021-08-27 06:59:51,2021-08-27 07:04:25,3,215,1464,24,SBPRF-10680 pulse_questions_refactor,"wip,do-not-merge",true,false
4831,https://github.com/bizreach-inc/hrmony-prf/pull/4831,2021,8,35,goal,feat,6777,2021-08-27 06:29:15,2021-08-27 06:32:52,2021-08-30 22:56:49,2021-08-31 03:21:46,2021-08-31 23:26:45,8,22,2,6,SBPRF-11018 Show caution for CORE reference section,merge-me,true,true
4830,https://github.com/bizreach-inc/hrmony-prf/pull/4830,2021,8,35,1on1,revert,4086,2021-08-27 05:20:13,2021-08-27 05:22:40,2021-08-27 08:47:29,2021-08-30 01:22:48,2021-08-30 01:26:32,6,165,6,12,SBPRF-11160 Fix the bug of overlapping an avatar and an onboarding.,"merge-me,update-me",true,true
4829,https://github.com/bizreach-inc/hrmony-prf/pull/4829,2021,9,35,goal,fix,10029,2021-08-27 05:13:01,2021-08-27 05:17:00,2021-08-30 00:29:23,2021-09-01 10:00:19,2021-09-03 04:22:42,5,4,0,1,SBPRF-11174 Fix score placeholder,merge-me,true,true
4827,https://github.com/bizreach-inc/hrmony-prf/pull/4827,2021,9,35,goal,feat,11533,2021-08-26 08:54:09,2021-08-26 08:55:36,2021-08-30 08:21:22,2021-09-02 04:53:17,2021-09-03 09:07:22,26,157,14,13,SBPRF-11199 disable to save sheet with only core-reference sections,"merge-me,update-me",true,true
4826,https://github.com/bizreach-inc/hrmony-prf/pull/4826,2021,9,35,pulse,feat,8235,2021-08-26 08:49:58,2021-08-26 08:52:25,2021-08-30 02:28:25,2021-08-31 07:50:05,2021-09-01 02:05:37,69,1981,462,84,SBPRF-10680: Enable to create pulse flexibly,merge-me,true,true
4824,https://github.com/bizreach-inc/hrmony-prf/pull/4824,2021,8,34,survey,hotfix,38,2021-08-25 08:42:17,2021-08-25 08:48:01,2021-08-25 09:20:16,2021-08-25 09:20:16,2021-08-25 09:20:29,1,13,3,1,SBPRF-11214 add permissions to snapshot teams endpoint,merge-me,true,true
4823,https://github.com/bizreach-inc/hrmony-prf/pull/4823,2021,9,35,1on1,fix,9776,2021-08-25 08:18:52,2021-08-25 08:22:51,2021-08-30 06:19:53,2021-09-01 03:11:33,2021-09-01 03:15:26,6,8,1,1,SBPRF-10967 Fix fetch member status on goal-members-page,merge-me,true,true
4821,https://github.com/bizreach-inc/hrmony-prf/pull/4821,2021,9,35,1on1,fix,11744,2021-08-24 02:06:09,2021-08-24 07:12:07,2021-08-27 09:35:17,2021-08-27 09:35:17,2021-09-01 05:50:32,5,3,26,3,SBPRF-10954  deleted ooo theme cause incorrect checkmark,merge-me,true,true
4820,https://github.com/bizreach-inc/hrmony-prf/pull/4820,2021,8,34,goal,fix,1606,2021-08-24 05:38:41,2021-08-24 05:39:49,2021-08-25 04:52:59,2021-08-25 07:37:49,2021-08-25 08:24:48,5,1,1,1,SBPRF-11180 Hide navigate button,merge-me,true,true
4819,https://github.com/bizreach-inc/hrmony-prf/pull/4819,2021,8,34,goal,fix,1437,2021-08-24 02:38:18,2021-08-24 02:41:35,2021-08-24 04:34:54,2021-08-24 08:34:54,2021-08-25 02:35:41,3,3,1,1,11021 adjust confirm button size in review-member-table,merge-me,true,true
4818,https://github.com/bizreach-inc/hrmony-prf/pull/4818,2021,8,34,survey,refactor,3374,2021-08-24 01:25:09,2021-08-24 01:26:08,2021-08-26 01:57:17,2021-08-26 09:39:36,2021-08-26 09:39:40,68,1689,1583,34,SBPRF-5702: Separate rules from aggregator,merge-me,true,true
4815,https://github.com/bizreach-inc/hrmony-prf/pull/4815,2021,8,35,1on1,fix,11855,2021-08-23 02:47:26,2021-08-23 02:53:02,2021-08-30 08:25:17,2021-08-30 08:25:17,2021-08-31 08:22:31,4,3,1,1,SBPRF-10955 Incorrect recorded arranged rate in 1on1 report by theme,merge-me,true,true
4809,https://github.com/bizreach-inc/hrmony-prf/pull/4809,2021,8,33,survey,hotfix,19,2021-08-20 07:56:34,2021-08-20 07:57:47,2021-08-20 08:03:20,2021-08-20 08:03:20,2021-08-20 08:15:42,1,2,2,2,SBPRF-11114 hotfix about survey I/O connection out ,merge-me,true,true
4808,https://github.com/bizreach-inc/hrmony-prf/pull/4808,2021,8,34,goal,fix,8597,2021-08-19 10:14:12,2021-08-20 07:21:10,2021-08-20 10:32:22,2021-08-24 09:40:15,2021-08-25 09:31:20,23,183,14,21,SBPRF-10759 Can notice that the total weight is not 100%.,"merge-me,update-me",true,true
4807,https://github.com/bizreach-inc/hrmony-prf/pull/4807,2021,8,34,1on1,fix,5882,2021-08-20 07:00:33,2021-08-20 07:08:04,2021-08-23 10:08:25,2021-08-24 08:51:02,2021-08-24 09:02:41,3,26,2,1,SBPRF-10952 Fix color on 1on1 report do not change while theme changes,merge-me,true,true
4805,https://github.com/bizreach-inc/hrmony-prf/pull/4805,2021,8,34,goal,fix,8527,2021-08-20 03:22:16,2021-08-20 03:28:07,2021-08-20 03:31:30,2021-08-24 04:36:40,2021-08-26 01:30:05,2,0,5,2,SBPRF-9971 fix review status tag on review viewpage,merge-me,true,true
4804,https://github.com/bizreach-inc/hrmony-prf/pull/4804,2021,8,34,goal,refactor,64033,2021-07-13 00:18:05,2021-08-20 00:20:04,2021-08-20 05:22:09,2021-08-24 01:13:59,2021-08-26 11:31:18,47,8,0,1,SBPRF-11017 add drop migration,"db-migration,merge-me",true,true
4803,https://github.com/bizreach-inc/hrmony-prf/pull/4803,2021,8,33,1on1,fix,80,2021-08-19 01:36:10,2021-08-19 01:38:01,2021-08-19 02:12:12,2021-08-19 02:12:12,2021-08-19 02:56:47,2,1,1,1,SBPRF-10856 Fix pair check,merge-me,true,true
4802,https://github.com/bizreach-inc/hrmony-prf/pull/4802,2021,8,34,pulse,fix,9922,2021-08-18 07:43:42,2021-08-18 07:51:13,2021-08-18 08:27:12,2021-08-25 04:49:57,2021-08-25 05:06:10,13,150,8,20,SBPRF-10968 fix preview distribution to another corp employee bug,merge-me,true,true
4801,https://github.com/bizreach-inc/hrmony-prf/pull/4801,2021,8,34,,chore,8094,2021-08-17 10:11:17,2021-08-17 10:13:42,2021-08-18 09:57:41,2021-08-23 00:39:29,2021-08-23 01:05:20,11,4,4,3,SBPRF-10910 update memory ceiling for codebuild,"merge-me,xem",false,true
4800,https://github.com/bizreach-inc/hrmony-prf/pull/4800,2021,8,33,,chore,1244,2021-08-17 09:38:57,2021-08-17 09:40:34,2021-08-17 09:43:08,2021-08-17 09:43:08,2021-08-18 06:23:05,3,1,1,1,SBPRF-10937 Fix a url of the staging notify.,"merge-me,update-me,xem",false,true
4799,https://github.com/bizreach-inc/hrmony-prf/pull/4799,2021,8,33,goal,refactor,7247,2021-08-12 11:38:22,2021-08-17 06:45:02,2021-08-17 09:34:38,2021-08-17 09:34:38,2021-08-17 12:25:52,4,182,2085,81,SBPRF-9506 remove auto calc,merge-me,true,true
4796,https://github.com/bizreach-inc/hrmony-prf/pull/4796,2021,8,35,goal,chore,21082,2021-08-16 10:42:27,2021-08-16 10:44:52,2021-08-24 07:37:41,2021-08-25 05:35:32,2021-08-31 02:05:10,22,697,492,4,SBPRF-10498 Modify sample data,merge-me,true,true
4795,https://github.com/bizreach-inc/hrmony-prf/pull/4795,2021,8,33,goal,refactor,3093,2021-08-16 07:03:33,2021-08-16 09:28:35,2021-08-18 02:29:22,2021-08-18 06:27:36,2021-08-18 10:36:46,11,261,206,14,SBPRF-10702 fix beauty of reviews table,merge-me,true,true
4794,https://github.com/bizreach-inc/hrmony-prf/pull/4794,2021,8,33,survey,fix,1257,2021-08-16 07:24:15,2021-08-16 09:25:44,2021-08-16 09:41:53,2021-08-17 04:13:28,2021-08-17 04:21:57,8,132,69,3,SBPRF-10809 fix slow Query,merge-me,true,true
4793,https://github.com/bizreach-inc/hrmony-prf/pull/4793,2021,8,33,,refactor,3913,2021-08-16 08:36:56,2021-08-16 08:40:23,2021-08-19 01:47:24,2021-08-19 01:47:24,2021-08-19 01:50:27,18,587,439,22,SBPRF-10421 Refactor snapshot and core-sync batch,merge-me,true,true
4792,https://github.com/bizreach-inc/hrmony-prf/pull/4792,2021,8,33,goal,fix,3112,2021-08-16 05:28:46,2021-08-16 05:35:02,2021-08-16 22:57:23,2021-08-18 08:21:55,2021-08-18 09:20:55,8,22,14,2,SBPRF-9934 remove criterion's colon in tooltip when there's no description,merge-me,true,true
4791,https://github.com/bizreach-inc/hrmony-prf/pull/4791,2021,8,33,goal,fix,5633,2021-08-16 05:25:49,2021-08-16 05:27:11,2021-08-17 09:40:01,2021-08-20 00:45:32,2021-08-20 03:19:23,3,38,6,4,SBPRF-10854 自己評価していない状態で評価者が評価を保存した場合に被評価者が目標編集できないことがわからない,merge-me,true,true
4790,https://github.com/bizreach-inc/hrmony-prf/pull/4790,2021,8,33,1on1,fix,8258,2021-08-13 07:34:48,2021-08-16 05:16:55,2021-08-17 06:21:19,2021-08-17 09:21:29,2021-08-19 01:13:26,3,22,12,2,SBPRF-10856 Fix finding pair with manager,merge-me,true,true
4788,https://github.com/bizreach-inc/hrmony-prf/pull/4788,2021,8,33,goal,fix,5888,2021-08-13 09:49:19,2021-08-13 09:53:14,2021-08-16 22:45:14,2021-08-17 02:21:20,2021-08-17 11:58:14,5,3,0,1,SBPRF-10941 Change auto calculation section to calculation section in goal_section_revisions,"db-migration,merge-me",true,true
4787,https://github.com/bizreach-inc/hrmony-prf/pull/4787,2021,8,33,1on1,fix,6927,2021-08-12 06:26:42,2021-08-13 07:37:06,2021-08-16 07:12:43,2021-08-17 01:52:52,2021-08-17 01:54:03,9,1,1,1,SBPRF-10693 Fix sort order in corporate report,merge-me,true,true
4786,https://github.com/bizreach-inc/hrmony-prf/pull/4786,2021,8,32,goal,feat,20,2021-08-12 11:38:22,2021-08-12 11:40:47,2021-08-12 11:45:04,2021-08-12 11:45:04,2021-08-12 11:58:47,1,2085,182,81,SBPRF-9506 remove auto calc(revert),merge-me,true,true
4785,https://github.com/bizreach-inc/hrmony-prf/pull/4785,2021,8,32,survey,fix,1218,2021-08-12 09:25:17,2021-08-12 09:28:03,2021-08-12 09:41:11,2021-08-12 09:41:11,2021-08-13 05:43:39,3,77,340,14,SBPRF-9926 remove applied conditions endpoint,merge-me,true,true
4784,https://github.com/bizreach-inc/hrmony-prf/pull/4784,2021,8,33,goal,fix,9014,2021-08-12 00:33:30,2021-08-12 00:35:45,2021-08-12 01:42:35,2021-08-16 07:02:29,2021-08-18 06:48:20,3,8,2,2,SBPRF-10646 add width,merge-me,true,true
4783,https://github.com/bizreach-inc/hrmony-prf/pull/4783,2021,8,32,,chore,1322,2021-08-11 06:48:28,2021-08-11 06:55:59,2021-08-11 09:30:02,2021-08-12 02:06:55,2021-08-12 04:50:57,2,7,3,2,SBPRF-10886 Add account taiju.aoki,"merge-me,update-me",true,true
4782,https://github.com/bizreach-inc/hrmony-prf/pull/4782,2021,8,32,pulse,fix,2887,2021-08-11 04:37:48,2021-08-11 04:39:53,2021-08-11 08:13:01,2021-08-11 08:13:01,2021-08-13 04:45:07,15,112,35,15,SBPRF-8242 fix some misc bugs about pulse-team-page,merge-me,true,true
4781,https://github.com/bizreach-inc/hrmony-prf/pull/4781,2021,8,32,authorization,fix,414,2021-08-11 01:19:48,2021-08-11 01:21:40,2021-08-11 04:01:08,2021-08-11 04:01:08,2021-08-11 08:13:51,4,98,27,11,SBPRF-10218 fix authorization avatar display,merge-me,true,true
4780,https://github.com/bizreach-inc/hrmony-prf/pull/4780,2021,8,33,1on1,fix,5756,2021-08-12 01:28:49,2021-08-11 01:08:40,2021-08-16 00:03:42,2021-08-16 00:03:42,2021-08-16 01:25:36,6,13,9,3,SBPRF-10697 Fix count calculation,merge-me,true,true
4778,https://github.com/bizreach-inc/hrmony-prf/pull/4778,2021,8,32,1on1,fix,11805,2021-08-03 04:44:44,2021-08-10 06:22:38,2021-08-11 07:09:56,2021-08-11 07:09:56,2021-08-11 09:30:22,5,60,20,4,SBPRF-10753 Fix to not escape underscore characters.,"merge-me,update-me",true,true
4777,https://github.com/bizreach-inc/hrmony-prf/pull/4777,2021,9,35,goal,refactor,72645,2021-07-13 00:18:05,2021-08-09 23:55:42,2021-08-22 22:57:59,2021-08-25 09:25:10,2021-09-01 11:03:43,64,737,612,30,SBPRF-10846 refactor SheetSectionInfo,merge-me,true,true
4774,https://github.com/bizreach-inc/hrmony-prf/pull/4774,2021,8,32,1on1,fix,5890,2021-08-06 08:53:44,2021-08-06 08:57:29,2021-08-10 09:05:34,2021-08-10 09:05:34,2021-08-10 11:03:58,3,4,4,4,SBPRF-10785 Fix to display a completing status of topics.,"merge-me,update-me",true,true
4773,https://github.com/bizreach-inc/hrmony-prf/pull/4773,2021,8,34,goal,refactor,64005,2021-07-13 00:18:05,2021-08-06 05:21:08,2021-08-10 06:59:42,2021-08-23 06:21:42,2021-08-26 11:03:40,45,2,1462,21,SBPRF-9506 remove reviewed score,merge-me,true,true
4772,https://github.com/bizreach-inc/hrmony-prf/pull/4772,2021,8,31,1on1,fix,49,2021-08-06 01:32:03,2021-08-06 01:36:18,2021-08-06 02:07:25,2021-08-06 02:07:25,2021-08-06 02:21:14,1,11,0,1,SBPRF-10838 Drop excessive foreign keys from 1on1 report tables,"db-migration,merge-me",true,true
4770,https://github.com/bizreach-inc/hrmony-prf/pull/4770,2021,8,31,survey,fix,99,2021-08-04 07:16:52,2021-08-04 07:19:34,2021-08-04 08:00:26,2021-08-04 08:00:26,2021-08-04 08:56:13,4,7,8,3,SBPRF-10806  fix hidden create button,merge-me,true,true
4769,https://github.com/bizreach-inc/hrmony-prf/pull/4769,2021,8,31,goal,fix,18,2021-08-04 04:59:34,2021-08-04 05:01:05,2021-08-04 05:17:26,2021-08-04 05:17:26,2021-08-04 05:18:05,1,0,8,3,SBPRF-3808 revert,merge-me,true,true
4768,https://github.com/bizreach-inc/hrmony-prf/pull/4768,2021,8,31,1on1,refactor,1176,2021-08-03 11:40:14,2021-08-03 12:07:43,2021-08-04 06:40:12,2021-08-04 06:40:12,2021-08-04 07:16:29,3,7,11,2,SBPRF-10411 Migrate 1on1 reports to new tables in Aug 2021,merge-me,true,true
4767,https://github.com/bizreach-inc/hrmony-prf/pull/4767,2021,8,31,1on1,refactor,156,2021-08-03 07:59:10,2021-08-03 08:01:10,2021-08-03 08:08:24,2021-08-03 08:08:24,2021-08-03 10:35:41,1,11,8,2,"SBPRF-10411 Migrate all 1on1 reports before Aug 1, 2021",merge-me,true,true
4766,https://github.com/bizreach-inc/hrmony-prf/pull/4766,2021,8,31,goal,fix,16,2021-08-03 04:20:39,2021-08-03 04:22:10,2021-08-03 04:29:17,2021-08-03 04:29:17,2021-08-03 04:37:18,1,1,0,1,SBPRF-10780 Fix to show the review step labels.,"merge-me,update-me",true,true
4764,https://github.com/bizreach-inc/hrmony-prf/pull/4764,2021,8,32,org,feat,11349,2021-08-02 10:41:37,2021-08-02 10:43:04,2021-08-03 06:02:28,2021-08-04 08:09:28,2021-08-10 07:51:18,19,634,1,14,SBPRF-10577 Core Sync Job Logging Batch,merge-me,true,true
4763,https://github.com/bizreach-inc/hrmony-prf/pull/4763,2021,8,31,survey,fix,3817,2021-08-02 10:17:32,2021-08-02 10:19:08,2021-08-04 11:05:54,2021-08-04 11:05:54,2021-08-05 01:54:44,3,5,0,1,SBRPF-10691 revise slow queries,"db-migration,merge-me",true,true
4762,https://github.com/bizreach-inc/hrmony-prf/pull/4762,2021,8,32,goal,fix,12595,2021-08-02 05:28:14,2021-08-02 05:29:12,2021-08-03 07:16:50,2021-08-10 07:17:01,2021-08-10 23:23:44,7,16,13,4,SBPRF-10058 fix button,merge-me,true,true
4761,https://github.com/bizreach-inc/hrmony-prf/pull/4761,2021,8,31,1on1,refactor,23,2021-08-02 02:44:01,2021-08-02 02:45:17,2021-08-02 02:50:06,2021-08-02 02:50:06,2021-08-02 03:08:00,1,3,3,1,SBPRF-10411 Stop local batch,merge-me,true,true
4760,https://github.com/bizreach-inc/hrmony-prf/pull/4760,2021,8,31,goal,feat,4379,2021-07-30 05:40:16,2021-08-02 01:18:57,2021-08-02 03:04:19,2021-08-02 03:04:19,2021-08-02 06:40:03,7,19,197,8,SBPRF-10219 Update the upload UI.,"merge-me,update-me",true,true
4759,https://github.com/bizreach-inc/hrmony-prf/pull/4759,2021,8,31,goal,fix,2848,2021-08-02 00:30:11,2021-08-02 01:16:35,2021-08-02 03:04:42,2021-08-03 06:52:31,2021-08-03 23:58:51,4,23,5,8,SBPRF-10610 fix some problem,merge-me,true,true
4757,https://github.com/bizreach-inc/hrmony-prf/pull/4757,2021,8,31,,refactor,8750,2021-07-31 02:15:54,2021-07-31 09:02:05,2021-08-06 04:06:06,2021-08-06 04:06:06,2021-08-06 04:06:11,10,7,2,2,"SBPRF-10220 Build sharp with options: arch, platform","merge-me,update-me,xem",false,true
4756,https://github.com/bizreach-inc/hrmony-prf/pull/4756,2021,8,33,survey,feat,27181,2021-07-30 07:04:26,2021-07-30 07:08:03,2021-07-30 10:00:11,2021-08-16 02:21:36,2021-08-18 04:05:51,51,903,178,30,SBPRF-10671 Make displaying modal of respondents faster,merge-me,true,true
4755,https://github.com/bizreach-inc/hrmony-prf/pull/4755,2021,8,31,1on1,revert,7418,2021-07-30 04:51:46,2021-07-30 05:01:41,2021-08-02 02:30:59,2021-08-04 08:14:55,2021-08-04 08:30:34,5,6,162,10,SBPRF-10228 revert to remove ooo search onboarding,merge-me,true,true
4754,https://github.com/bizreach-inc/hrmony-prf/pull/4754,2021,8,33,1on1,feat,30002,2021-07-29 08:09:49,2021-07-29 08:11:07,2021-08-05 03:00:44,2021-08-19 01:32:43,2021-08-19 04:12:13,14,137,6,8,SBPRF-4731 Sort and group labels,merge-me,true,true
4753,https://github.com/bizreach-inc/hrmony-prf/pull/4753,2021,7,30,goal,hotfix,21,2021-07-29 02:15:01,2021-07-29 02:15:57,2021-07-29 02:32:56,2021-07-29 02:32:56,2021-07-29 02:36:35,1,14,3,2,SBPRF-10724 Fix review step labels.,"merge-me,update-me",true,true
4752,https://github.com/bizreach-inc/hrmony-prf/pull/4752,2021,7,30,goal,feat,708,2021-07-28 23:12:28,2021-07-28 23:16:44,2021-07-29 01:15:10,2021-07-29 01:56:50,2021-07-29 11:00:44,2,3,11,4,SBPRF-10530 delivery,merge-me,true,true
4751,https://github.com/bizreach-inc/hrmony-prf/pull/4751,2021,7,30,goal,hotfix,18,2021-07-28 11:37:03,2021-07-28 11:37:33,2021-07-28 11:44:59,2021-07-28 11:44:59,2021-07-28 11:55:19,1,1,1,1,SBPRF-8391 adminAction to userAction,merge-me,true,true
4750,https://github.com/bizreach-inc/hrmony-prf/pull/4750,2021,8,31,goal,feat,7283,2021-07-28 09:33:30,2021-07-28 09:38:05,2021-07-30 05:44:35,2021-08-02 09:46:04,2021-08-02 10:56:34,10,50,28,5,SBPRF-10617 add vertical line to reviews table,merge-me,true,true
4749,https://github.com/bizreach-inc/hrmony-prf/pull/4749,2021,7,30,,chore,19,2021-07-28 09:17:14,2021-07-28 09:19:00,2021-07-28 09:34:55,2021-07-28 09:34:55,2021-07-28 09:37:01,1,156,156,1,SBPRF-10719 Fix package lock json.,"merge-me,update-me",true,true
4747,https://github.com/bizreach-inc/hrmony-prf/pull/4747,2021,7,30,1on1,fix,2774,2021-07-27 08:43:17,2021-07-27 08:50:01,2021-07-28 07:10:09,2021-07-28 07:14:32,2021-07-29 06:58:16,2,19,4,2,SBPRF-4677 Attach startDay to label,merge-me,true,true
4746,https://github.com/bizreach-inc/hrmony-prf/pull/4746,2021,7,30,1on1,fix,1451,2021-07-27 05:56:22,2021-07-27 05:58:37,2021-07-28 04:28:53,2021-07-28 05:51:06,2021-07-28 06:07:54,3,13,3,4,SBPRF-5816 Add max-width to fullName,merge-me,true,true
4745,https://github.com/bizreach-inc/hrmony-prf/pull/4745,2021,7,30,authorization,fix,302,2021-07-27 05:15:20,2021-07-27 05:19:03,2021-07-27 09:02:04,2021-07-27 09:02:04,2021-07-27 10:17:36,3,1,0,1,SBPRF-9795 Fix the display of authorization group names ,merge-me,true,true
4744,https://github.com/bizreach-inc/hrmony-prf/pull/4744,2021,7,30,authorization,feat,1770,2021-07-27 02:58:57,2021-07-27 03:00:18,2021-07-28 06:41:06,2021-07-28 06:41:06,2021-07-28 08:29:39,14,176,56,18,SBPRF-9794: add role specs to catch duplicated names,merge-me,true,true
4743,https://github.com/bizreach-inc/hrmony-prf/pull/4743,2021,7,30,goal,fix,350,2021-07-27 00:27:43,2021-07-27 01:19:40,2021-07-27 05:02:38,2021-07-27 05:02:38,2021-07-27 06:18:09,4,116,6,6,SBPRF-10083 Fix to display the collection item name.,"merge-me,update-me",true,true
4742,https://github.com/bizreach-inc/hrmony-prf/pull/4742,2021,7,30,goal,fix,1432,2021-07-27 00:07:16,2021-07-27 01:07:59,2021-07-27 06:44:44,2021-07-27 08:49:50,2021-07-27 23:59:49,5,119,76,6,SBPRF-10683 fix sample,merge-me,true,true
4741,https://github.com/bizreach-inc/hrmony-prf/pull/4741,2021,7,30,goal,fix,2647,2021-07-26 08:47:03,2021-07-26 08:47:53,2021-07-27 07:58:23,2021-07-28 01:31:27,2021-07-28 04:54:44,7,248,104,16,SBPRF-10645 fix table,merge-me,true,true
4740,https://github.com/bizreach-inc/hrmony-prf/pull/4740,2021,8,33,goal,fix,35664,2021-07-26 07:31:57,2021-07-26 08:29:28,2021-07-28 06:11:14,2021-07-28 09:01:53,2021-08-20 01:56:01,23,324,37,16,SBPRF-10330 Limit section modification when it is referred by reviews,merge-me,true,true
4739,https://github.com/bizreach-inc/hrmony-prf/pull/4739,2021,7,30,1on1,fix,1394,2021-07-26 05:37:52,2021-07-26 05:43:09,2021-07-27 04:26:45,2021-07-27 04:26:45,2021-07-27 04:52:46,5,181,169,3,SBPRF-7923 Fix to limit the number of characters entered.,"merge-me,update-me",true,true
4738,https://github.com/bizreach-inc/hrmony-prf/pull/4738,2021,7,30,1on1,fix,181,2021-07-26 02:30:06,2021-07-26 02:32:37,2021-07-26 04:41:57,2021-07-26 04:41:57,2021-07-26 05:31:40,3,56,4,11,SBPRF-4570 Fix some issues,merge-me,true,true
4737,https://github.com/bizreach-inc/hrmony-prf/pull/4737,2021,7,30,goal,feat,2690,2021-07-26 02:23:28,2021-07-26 02:24:37,2021-07-26 05:44:49,2021-07-27 08:53:10,2021-07-27 23:14:00,8,56,177,6,SBPRF-10576 fix order,merge-me,true,true
4736,https://github.com/bizreach-inc/hrmony-prf/pull/4736,2021,9,36,,refactor,66514,2021-07-26 01:07:59,2021-07-26 01:08:07,2021-09-10 04:55:07,2021-09-10 04:55:07,2021-09-10 05:42:51,2,1,1,1,"SBPRF-10682 Update sbt-wartremover, wartremover to 2.4.16",xem,false,true
4734,https://github.com/bizreach-inc/hrmony-prf/pull/4734,2021,7,29,,chore,67723,2021-06-04 07:53:36,2021-07-21 08:18:22,2021-07-21 08:37:21,2021-07-21 08:37:21,2021-07-21 08:37:26,4,64,64,9,HESRE-1484: change oregon core to tokyo core at dev env AGAIN,"merge-me,update-me",true,true
4733,https://github.com/bizreach-inc/hrmony-prf/pull/4733,2021,7,29,,revert,17,2021-07-21 07:50:30,2021-07-21 07:53:47,2021-07-21 07:56:22,2021-07-21 07:56:22,2021-07-21 08:08:13,1,64,64,9,HESRE-1484: change oregon core to tokyo core at dev env,"merge-me,update-me",true,true
4732,https://github.com/bizreach-inc/hrmony-prf/pull/4732,2021,7,30,goal,feat,9851,2021-07-21 07:51:12,2021-07-21 07:52:17,2021-07-27 09:27:44,2021-07-28 03:04:42,2021-07-28 04:02:44,9,133,77,13,SBPRF-10225 output core reference csv,,true,false
4731,https://github.com/bizreach-inc/hrmony-prf/pull/4731,2021,7,29,authorization,fix,1314,2021-07-20 11:02:58,2021-07-20 11:06:39,2021-07-21 01:26:38,2021-07-21 01:26:38,2021-07-21 08:57:10,5,11,9,1,SBPRF-9985 members_should_be_ordered_by_user_id_on_role_setting_table,merge-me,true,true
4729,https://github.com/bizreach-inc/hrmony-prf/pull/4729,2021,8,31,org,refactor,199,2021-08-02 09:01:22,2021-07-20 08:45:35,2021-08-02 02:19:45,2021-08-02 02:19:45,2021-08-02 12:21:01,5,189,1,9,SBPRF-10411  Add one shot snapshot batch,merge-me,true,true
4728,https://github.com/bizreach-inc/hrmony-prf/pull/4728,2021,7,30,goal,fix,11528,2021-07-20 06:32:41,2021-07-20 06:33:23,2021-07-20 06:50:59,2021-07-27 10:00:08,2021-07-28 06:41:21,6,18,4,4,SBPRF-9243 fix calculation item scroll,merge-me,true,true
4727,https://github.com/bizreach-inc/hrmony-prf/pull/4727,2021,7,30,1on1,fix,8511,2021-07-20 04:38:57,2021-07-20 04:41:23,2021-07-21 09:44:12,2021-07-21 09:44:12,2021-07-26 02:30:28,4,17,2,4,SBPRF-4570 Add max-width to reccurences tag,merge-me,true,false
4726,https://github.com/bizreach-inc/hrmony-prf/pull/4726,2021,7,30,1on1,fix,8625,2021-07-20 02:44:30,2021-07-20 02:50:28,2021-07-21 08:29:46,2021-07-21 08:29:46,2021-07-26 02:30:06,4,12,1,2,SBPRF-4571  fix weekday sorting,merge-me,true,false
4725,https://github.com/bizreach-inc/hrmony-prf/pull/4725,2021,7,30,goal,fix,11517,2021-07-20 02:23:11,2021-07-20 02:26:45,2021-07-20 05:12:27,2021-07-27 10:14:14,2021-07-28 02:20:11,2,17,1,2,SBPRF-9507 fix validation when change section on sheet,merge-me,true,true
4724,https://github.com/bizreach-inc/hrmony-prf/pull/4724,2021,7,29,1on1,fix,1277,2021-07-19 10:01:08,2021-07-19 10:02:29,2021-07-20 00:10:45,2021-07-20 07:17:49,2021-07-20 07:18:56,2,131,1,2,SBPRF-10411  fix destroyer,merge-me,true,false
4723,https://github.com/bizreach-inc/hrmony-prf/pull/4723,2021,8,31,1on1,refactor,19725,2021-07-19 09:49:37,2021-07-19 09:55:50,2021-07-20 03:10:39,2021-07-20 03:10:39,2021-08-02 02:35:21,6,2531,208,34,SBPRF-10411 Migrate 1on1 reports' records to snapshot-related tables,merge-me,true,true
4722,https://github.com/bizreach-inc/hrmony-prf/pull/4722,2021,7,30,1on1,fix,9825,2021-07-19 06:59:32,2021-07-19 07:01:26,2021-07-26 02:45:07,2021-07-26 02:45:07,2021-07-26 02:45:25,2,27,1,5,SBPRF-4964 Filter recursive event which startAt is within 1 year,merge-me,true,false
4721,https://github.com/bizreach-inc/hrmony-prf/pull/4721,2021,7,29,1on1,refactor,1614,2021-07-19 05:06:54,2021-07-19 05:07:29,2021-07-20 07:49:04,2021-07-20 07:56:19,2021-07-20 08:01:00,7,185,1,10,SBPRF-10411 Add one-shot snapshot batch,merge-me,true,false
4720,https://github.com/bizreach-inc/hrmony-prf/pull/4720,2021,11,47,,refactor,184698,2021-07-19 01:09:24,2021-07-19 01:09:39,2021-11-24 07:17:53,2021-11-24 07:17:53,2021-11-24 07:27:44,4,1,1,1,SBPRF-10616 Update sbt-scalafmt to 2.4.3,"merge-me,xem",false,true
4719,https://github.com/bizreach-inc/hrmony-prf/pull/4719,2021,10,39,,refactor,106551,2021-07-19 01:09:03,2021-07-19 01:09:23,2021-09-30 04:02:12,2021-09-30 04:02:12,2021-10-01 01:00:50,4,1,1,1,SBPRF-10615 Update sbt to 1.5.5,"merge-me,xem",false,true
4715,https://github.com/bizreach-inc/hrmony-prf/pull/4715,2021,7,30,goal,fix,17233,2021-07-16 08:50:40,2021-07-16 08:53:45,2021-07-20 06:38:56,2021-07-20 06:45:26,2021-07-28 08:03:50,6,8,8,1,SBPRF-10332 Fix error when edit document section,merge-me,true,true
4714,https://github.com/bizreach-inc/hrmony-prf/pull/4714,2021,7,29,authorization,fix,4104,2021-07-16 08:44:57,2021-07-16 08:46:09,2021-07-19 01:50:04,2021-07-19 01:50:04,2021-07-19 05:09:20,6,120,42,3,SBPRF-9622 fix_cannot_view_employee_statuses_of_not_assigned_member,merge-me,true,true
4713,https://github.com/bizreach-inc/hrmony-prf/pull/4713,2021,7,29,1on1,fix,4283,2021-07-16 06:32:18,2021-07-16 07:43:20,2021-07-19 04:27:50,2021-07-19 04:27:50,2021-07-19 05:56:06,7,505,1560,51,SBPRF-10411  api get report from snapshot,merge-me,true,false
4712,https://github.com/bizreach-inc/hrmony-prf/pull/4712,2021,8,32,survey,feat,36932,2021-07-16 06:27:54,2021-07-16 06:33:10,2021-07-21 02:42:07,2021-07-21 08:28:37,2021-08-10 22:00:09,41,472,107,26,SBPRF-10533 add generic csv download permission,"db-migration,merge-me,update-me",true,true
4711,https://github.com/bizreach-inc/hrmony-prf/pull/4711,2021,7,28,,fix,51,2021-07-16 04:58:19,2021-07-16 05:06:34,2021-07-16 05:43:57,2021-07-16 05:43:57,2021-07-16 05:49:31,1,1,0,1,SBPRF-10609 add timeout setting for local api conf,merge-me,true,true
4710,https://github.com/bizreach-inc/hrmony-prf/pull/4710,2021,8,33,goal,feat,50635,2021-07-16 05:02:11,2021-07-16 05:05:38,2021-07-16 05:24:51,2021-08-11 10:11:58,2021-08-20 08:57:45,58,2002,65,51,SBPRF-9954 Increase core reference items,"db-migration,merge-me",true,true
4709,https://github.com/bizreach-inc/hrmony-prf/pull/4709,2021,8,32,,refactor,38792,2021-07-15 03:00:33,2021-07-16 01:41:30,2021-08-02 02:25:47,2021-08-06 00:59:58,2021-08-11 01:32:35,9,590,598,1,SBPRF-10608 parameterization sample-data.sql,"merge-me,xem",false,true
4708,https://github.com/bizreach-inc/hrmony-prf/pull/4708,2021,7,29,,refactor,8563,2021-07-15 03:00:33,2021-07-15 08:18:21,2021-07-16 01:13:41,2021-07-21 01:39:24,2021-07-21 01:44:02,3,1,9,1,SBPRF-10569 fix sample-data.sql,"merge-me,xem",false,true
4707,https://github.com/bizreach-inc/hrmony-prf/pull/4707,2021,7,29,,refactor,7156,2021-07-15 03:00:33,2021-07-15 03:01:18,2021-07-15 07:51:03,2021-07-20 00:00:38,2021-07-20 02:16:57,2,687,722,1,SBPRF-10568 beautify sample-data.sql,"merge-me,xem",false,true
4706,https://github.com/bizreach-inc/hrmony-prf/pull/4706,2021,7,28,goal,fix,1441,2021-07-15 01:45:08,2021-07-15 01:59:22,2021-07-15 08:24:28,2021-07-15 08:24:28,2021-07-16 01:46:50,3,2,2,1,SBPRF-10566 Fix period start day check,merge-me,true,true
4705,https://github.com/bizreach-inc/hrmony-prf/pull/4705,2021,7,28,org,fix,409,2021-07-15 01:44:31,2021-07-15 01:49:00,2021-07-15 02:00:04,2021-07-15 08:15:35,2021-07-15 08:33:37,8,27,3,10,SBPRF-10557 extend core api timeout seconds to 180s,merge-me,true,true
4704,https://github.com/bizreach-inc/hrmony-prf/pull/4704,2021,7,28,,refactor,45,2021-07-14 10:00:54,2021-07-14 10:31:02,2021-07-14 10:34:57,2021-07-14 10:34:57,2021-07-14 10:46:04,1,156,156,1,SBPRF-10528 revert #4703,"merge-me,xem",false,true
4703,https://github.com/bizreach-inc/hrmony-prf/pull/4703,2021,7,28,,refactor,15,2021-07-14 09:20:54,2021-07-14 09:21:15,2021-07-14 09:24:21,2021-07-14 09:24:21,2021-07-14 09:36:26,1,156,156,1,SBPRF-10528 update package-lock.json ( relates to #4700 ),"merge-me,xem",false,true
4702,https://github.com/bizreach-inc/hrmony-prf/pull/4702,2021,8,35,,refactor,67668,2021-07-14 07:52:46,2021-07-14 08:44:37,2021-07-15 08:34:24,2021-07-29 07:19:50,2021-08-30 07:41:27,15,330,0,10,SBPRF-8134 Can change the feature flags.,"merge-me,update-me,xem",false,true
4701,https://github.com/bizreach-inc/hrmony-prf/pull/4701,2021,7,28,1on1,feat,520,2021-07-14 01:46:51,2021-07-14 04:54:05,2021-07-14 04:57:57,2021-07-14 08:19:53,2021-07-14 10:26:53,15,332,109,28,SBPRF-9653 display_own_goals_for_duplicated_periods,do-not-merge,true,false
4700,https://github.com/bizreach-inc/hrmony-prf/pull/4700,2021,7,28,,refactor,1319,2021-07-13 11:03:15,2021-07-13 11:05:56,2021-07-14 07:45:20,2021-07-14 07:45:20,2021-07-14 09:02:51,2,34871,155,4,SBPRF-10528 update nodejs to 16,"merge-me,xem",false,true
4699,https://github.com/bizreach-inc/hrmony-prf/pull/4699,2021,7,28,goal,fix,3981,2021-07-13 10:25:28,2021-07-13 10:28:16,2021-07-14 04:11:25,2021-07-16 04:25:36,2021-07-16 04:47:19,10,14,14,7,SBPRF-10522 fix reviews table button status,merge-me,true,true
4698,https://github.com/bizreach-inc/hrmony-prf/pull/4698,2021,7,28,goal,fix,4293,2021-07-13 10:05:49,2021-07-13 10:09:26,2021-07-14 06:49:12,2021-07-16 03:22:45,2021-07-16 09:39:45,12,60,35,8,SBPRF-10521 Fix members' order in member progress page,merge-me,true,true
4697,https://github.com/bizreach-inc/hrmony-prf/pull/4697,2021,7,28,goal,fix,1161,2021-07-13 08:15:21,2021-07-13 08:16:20,2021-07-13 09:21:03,2021-07-14 02:21:05,2021-07-14 03:36:47,2,4,4,1,SBPRF-10523 not to show document type section on reviews table,merge-me,true,true
4696,https://github.com/bizreach-inc/hrmony-prf/pull/4696,2021,8,32,goal,refactor,43864,2021-07-13 00:18:05,2021-07-13 06:02:05,2021-07-20 06:53:44,2021-08-03 06:11:33,2021-08-12 11:22:47,36,182,2085,81,SBPRF-9506 remove auto calc,merge-me,true,true
4694,https://github.com/bizreach-inc/hrmony-prf/pull/4694,2021,7,28,goal,fix,1396,2021-07-13 02:29:58,2021-07-13 02:30:57,2021-07-13 03:07:44,2021-07-13 03:07:44,2021-07-14 01:46:51,2,4,3,1,SBPRF-10513 CSV template - sort by steps,merge-me,true,true
4693,https://github.com/bizreach-inc/hrmony-prf/pull/4693,2021,7,28,goal,fix,27,2021-07-13 01:44:42,2021-07-13 01:47:07,2021-07-13 01:55:19,2021-07-13 01:55:19,2021-07-13 02:12:32,2,3,2,1,SBPRF-10520 fix error,merge-me,true,true
4692,https://github.com/bizreach-inc/hrmony-prf/pull/4692,2021,7,28,org,fix,1251,2021-07-12 08:58:36,2021-07-12 09:17:41,2021-07-13 03:12:31,2021-07-13 03:12:31,2021-07-13 05:50:21,15,562,39,9,SBPRF-10509  fix multiple snapshot message bug,"merge-me,update-me",true,true
4691,https://github.com/bizreach-inc/hrmony-prf/pull/4691,2021,8,31,1on1,refactor,34771,2021-07-12 06:33:29,2021-07-12 06:36:15,2021-08-05 09:59:56,2021-08-05 09:59:56,2021-08-05 10:05:28,23,865,2528,75,SBPRF-10411 Migrate 1on1 report to employee attribute snapshot,"merge-me,update-me",true,true
4690,https://github.com/bizreach-inc/hrmony-prf/pull/4690,2021,7,28,1on1,fix,146,2021-07-12 04:24:36,2021-07-12 04:26:09,2021-07-12 06:30:47,2021-07-12 06:43:28,2021-07-12 06:51:01,1,13,0,1,SBPRF-10411 Fix foreign key of brandnew 1on1 reports,"db-migration,merge-me",true,true
4685,https://github.com/bizreach-inc/hrmony-prf/pull/4685,2021,7,28,1on1,refactor,1470,2021-07-11 11:10:06,2021-07-11 23:59:20,2021-07-12 09:14:24,2021-07-12 09:27:43,2021-07-12 11:40:31,6,1713,132,36,SBPRF-10411 Use snapshots for 1on1 batch,merge-me,true,false
4684,https://github.com/bizreach-inc/hrmony-prf/pull/4684,2021,7,28,goal,fix,33065,2021-06-21 06:36:52,2021-07-09 10:40:57,2021-07-13 01:30:40,2021-07-14 04:12:34,2021-07-14 05:42:43,80,125,15,4,SBPRF-10349 limit reviews table by review write permission,merge-me,true,true
4683,https://github.com/bizreach-inc/hrmony-prf/pull/4683,2021,7,28,goal,feat,6935,2021-07-09 07:33:11,2021-07-09 07:38:05,2021-07-12 09:25:35,2021-07-13 23:43:11,2021-07-14 03:08:58,13,23,6,8,SPBRF-10088 Change max rows,merge-me,true,true
4682,https://github.com/bizreach-inc/hrmony-prf/pull/4682,2021,7,28,goal,fix,4034,2021-07-09 06:49:42,2021-07-09 07:00:06,2021-07-12 02:02:31,2021-07-12 02:02:31,2021-07-12 02:03:51,1,45,10,3,SBPRF-10495 Can display the review label info.,merge-me,true,false
4681,https://github.com/bizreach-inc/hrmony-prf/pull/4681,2021,7,28,goal,fix,4482,2021-07-09 06:09:07,2021-07-09 06:16:37,2021-07-09 06:47:47,2021-07-12 08:48:31,2021-07-12 08:51:23,4,13,12,2,SBPRF-10466 Skip create row if reviewer has no email,merge-me,true,true
4680,https://github.com/bizreach-inc/hrmony-prf/pull/4680,2021,7,28,goal,fix,4519,2021-07-09 06:11:28,2021-07-09 06:12:54,2021-07-09 07:15:26,2021-07-12 08:22:40,2021-07-12 09:31:13,4,11,8,3,SBPRF-10416 Fix sheet detail of file,merge-me,true,true
4679,https://github.com/bizreach-inc/hrmony-prf/pull/4679,2021,7,27,goal,fix,157,2021-07-09 04:02:23,2021-07-09 04:03:19,2021-07-09 06:18:29,2021-07-09 06:18:29,2021-07-09 06:40:22,2,18,12,1,SBPRF-10417 Can importing reviews event after reviewers review period.,"merge-me,update-me",true,true
4678,https://github.com/bizreach-inc/hrmony-prf/pull/4678,2021,7,28,goal,fix,4791,2021-07-09 02:59:35,2021-07-09 03:01:51,2021-07-09 03:37:25,2021-07-11 23:07:31,2021-07-12 10:50:35,4,1,1,1,SBPRF-10440 Fix order of collection items,merge-me,true,true
4677,https://github.com/bizreach-inc/hrmony-prf/pull/4677,2021,7,27,goal,fix,344,2021-07-09 00:19:48,2021-07-09 00:38:28,2021-07-09 01:25:13,2021-07-09 01:40:28,2021-07-09 06:04:45,3,1,0,1,SBPRF-10329 Fetch memberStatus after upload success,merge-me,true,true
4676,https://github.com/bizreach-inc/hrmony-prf/pull/4676,2021,7,28,goal,feat,50497,2021-06-09 02:53:55,2021-07-09 00:34:32,2021-07-09 03:37:03,2021-07-13 05:21:48,2021-07-14 04:31:50,134,27,13,5,SBPRF-10439 hide core reference section,merge-me,true,true
4675,https://github.com/bizreach-inc/hrmony-prf/pull/4675,2021,7,27,1on1,refactor,141,2021-07-08 23:32:48,2021-07-08 23:37:41,2021-07-09 00:56:23,2021-07-09 00:56:23,2021-07-09 01:53:51,2,2096,0,8,SBPRF-10411 Add brandnew 1on1 report tables,"db-migration,merge-me",true,true
4674,https://github.com/bizreach-inc/hrmony-prf/pull/4674,2021,7,28,,refactor,4977,2021-07-08 13:34:23,2021-07-08 13:46:00,2021-07-12 00:09:43,2021-07-12 00:09:43,2021-07-12 00:32:20,2,69,51,2,"SBPRF-10186 Add settings exclusion in lint disabling (if not, it doesn't work. oops)","merge-me,xem",false,true
4673,https://github.com/bizreach-inc/hrmony-prf/pull/4673,2021,7,27,org,feat,1234,2021-07-08 12:45:39,2021-07-08 12:48:53,,,2021-07-09 09:20:32,13,157,241,18,SBPRF-10309 duplicated periods by survey team,"wip,do-not-merge",true,false
4672,https://github.com/bizreach-inc/hrmony-prf/pull/4672,2021,8,32,org,feat,50426,2021-07-08 10:35:16,2021-07-08 10:39:15,2021-07-12 09:19:59,2021-07-16 05:43:05,2021-08-12 11:01:35,78,1629,1430,98,SBPRF-10309 duplicated_periods PJT by marvel,"merge-me,update-me",true,true
4671,https://github.com/bizreach-inc/hrmony-prf/pull/4671,2021,8,31,1on1,refactor,39473,2021-07-06 14:47:09,2021-07-08 04:34:28,2021-07-13 01:20:35,2021-07-14 01:36:02,2021-08-03 00:41:00,18,337,652,44,SBPRF-6427 Circify oneonone-web perfectly,"merge-me,xem",false,true
4670,https://github.com/bizreach-inc/hrmony-prf/pull/4670,2021,7,28,,refactor,8458,2021-07-06 14:47:09,2021-07-08 01:10:17,2021-07-12 04:28:07,2021-07-12 04:28:07,2021-07-12 11:46:04,8,244,96,11,SBPRF-6228 Deserializing by circe,"merge-me,xem",false,true
4669,https://github.com/bizreach-inc/hrmony-prf/pull/4669,2021,11,47,1on1,chore,201547,2021-07-07 08:35:46,2021-07-07 08:39:53,2021-07-13 04:12:35,2021-07-14 01:16:27,2021-11-24 07:43:12,6,102,5,8,SBPRF-10432 Separate 1on1 batch module,merge-me,true,true
4668,https://github.com/bizreach-inc/hrmony-prf/pull/4668,2021,7,30,goal,feat,27621,2021-07-07 06:39:32,2021-07-07 06:41:27,2021-07-07 08:22:56,2021-07-07 08:22:56,2021-07-26 11:00:59,2,6,12,3,SBPRF-10356 Can deliver the importing reviews.,"merge-me,update-me",true,true
4667,https://github.com/bizreach-inc/hrmony-prf/pull/4667,2021,7,30,,refactor,34299,2021-07-06 09:04:07,2021-07-06 09:06:39,2021-07-30 04:13:32,2021-07-30 04:13:32,2021-07-30 04:44:05,4,599,168,12,SBPRF-10220 Upgrade npm for lambda layers,"merge-me,xem",false,true
4666,https://github.com/bizreach-inc/hrmony-prf/pull/4666,2021,7,27,org,feat,3865,2021-07-06 08:56:48,2021-07-06 08:58:39,2021-07-07 08:19:30,2021-07-07 09:31:26,2021-07-09 01:22:45,13,169,5,4,SBPRF-10308: Sync overlapping periods,merge-me,true,true
4665,https://github.com/bizreach-inc/hrmony-prf/pull/4665,2021,7,28,goal,feat,31751,2021-06-21 06:36:52,2021-07-06 06:19:14,2021-07-07 10:24:37,2021-07-09 03:36:10,2021-07-13 07:48:10,76,90,20,8,SBPRF-9959 combine,merge-me,true,true
4664,https://github.com/bizreach-inc/hrmony-prf/pull/4664,2021,7,28,goal,feat,48838,2021-06-09 02:53:55,2021-07-06 00:46:53,2021-07-06 03:37:03,2021-07-09 07:31:41,2021-07-13 00:52:24,131,803,25,28,SBPRF-10223 add core reference column,merge-me,true,true
4663,https://github.com/bizreach-inc/hrmony-prf/pull/4663,2021,7,27,goal,feat,41557,2021-06-09 02:53:55,2021-07-05 11:35:23,2021-07-07 06:15:54,,2021-07-07 23:31:33,119,719,19,20,SBPRF-10224 (BE) Combine list review and core reference,,true,false
4662,https://github.com/bizreach-inc/hrmony-prf/pull/4662,2021,7,27,goal,feat,2735,2021-07-05 11:06:02,2021-07-05 11:10:49,2021-07-06 05:16:23,2021-07-07 07:53:11,2021-07-07 08:41:02,11,346,108,50,SBPRF-10197 [FE] Review label can be set in Review module.,merge-me,true,false
4661,https://github.com/bizreach-inc/hrmony-prf/pull/4661,2021,7,27,goal,feat,23083,2021-06-21 06:36:52,2021-07-05 07:18:57,2021-07-06 02:57:10,2021-07-07 06:14:44,2021-07-07 07:20:17,36,485,94,18,SBPRF-9944 implement input on reviews table,merge-me,true,true
4660,https://github.com/bizreach-inc/hrmony-prf/pull/4660,2021,7,27,goal,fix,2596,2021-07-05 05:08:49,2021-07-05 05:10:59,2021-07-06 08:57:35,2021-07-06 09:23:03,2021-07-07 00:25:48,2,8,0,1,SBPRF-9987 fix drop bug,merge-me,true,true
4659,https://github.com/bizreach-inc/hrmony-prf/pull/4659,2021,7,27,goal,fix,319,2021-07-05 02:53:16,2021-07-05 02:56:16,2021-07-05 04:18:50,2021-07-05 07:10:19,2021-07-05 08:12:53,3,6,1,2,SBPRF-10327 Omit errors when the number of errors is over ten,merge-me,true,true
4658,https://github.com/bizreach-inc/hrmony-prf/pull/4658,2021,7,27,authorization,hotfix,21,2021-07-05 02:34:25,2021-07-05 02:36:10,2021-07-05 02:42:07,2021-07-05 02:42:07,2021-07-05 02:55:31,1,3,1,1,SBPRF-10410 fix tooltip of resources,merge-me,true,true
4652,https://github.com/bizreach-inc/hrmony-prf/pull/4652,2021,7,27,goal,feat,4605,2021-07-05 00:00:15,2021-07-05 00:02:33,,,2021-07-08 04:45:38,4,889,283,88,SBPRF-10197 Employees can use the review step labels.,"db-migration,merge-me",true,false
4651,https://github.com/bizreach-inc/hrmony-prf/pull/4651,2021,7,27,goal,feat,3958,2021-07-02 06:02:12,2021-07-02 08:29:28,2021-07-02 10:31:37,2021-07-02 10:31:37,2021-07-05 00:00:15,7,306,132,14,SBPRF-10197 [BE] Employees can use the review step labels.,merge-me,true,false
4650,https://github.com/bizreach-inc/hrmony-prf/pull/4650,2021,7,26,goal,fix,174,2021-07-02 07:01:46,2021-07-02 07:02:22,2021-07-02 09:56:01,2021-07-02 09:56:01,2021-07-02 09:56:25,5,207,144,13,SBPRF-10391 Fix CSV upload,"merge-me,update-me",true,true
4649,https://github.com/bizreach-inc/hrmony-prf/pull/4649,2021,7,26,goal,fix,1346,2021-07-01 08:35:33,2021-07-02 06:48:53,2021-07-02 06:52:34,2021-07-02 06:52:34,2021-07-02 07:01:46,8,678,1124,101,SBPRF-10333 Get available member mailaddres,merge-me,true,false
4648,https://github.com/bizreach-inc/hrmony-prf/pull/4648,2021,7,26,goal,fix,348,2021-07-02 02:53:00,2021-07-02 04:13:33,2021-07-02 08:17:46,2021-07-02 08:39:09,2021-07-02 08:41:29,4,69,17,6,SBPRF-10320 Can import reviews when current date is until the reviewer review phase.,merge-me,true,false
4647,https://github.com/bizreach-inc/hrmony-prf/pull/4647,2021,7,26,goal,fix,519,2021-07-01 23:56:20,2021-07-02 04:08:02,2021-07-02 07:13:54,2021-07-02 07:13:54,2021-07-02 08:35:46,3,113,102,5,SBPRF-10333 Fix validation order,merge-me,true,false
4646,https://github.com/bizreach-inc/hrmony-prf/pull/4646,2021,7,26,goal,feat,312,2021-07-02 03:03:49,2021-07-02 03:05:44,2021-07-02 08:14:22,2021-07-02 08:14:22,2021-07-02 08:16:02,3,21,22,4,SBPRF-10345 Remove member status check,merge-me,true,false
4645,https://github.com/bizreach-inc/hrmony-prf/pull/4645,2021,7,26,1on1,feat,275,2021-07-01 04:14:48,2021-07-01 04:18:26,2021-07-01 08:17:02,2021-07-01 08:17:02,2021-07-01 08:50:39,5,4,15,5,Can deploy 1on1 search for internal use only.,"merge-me,update-me",true,true
4644,https://github.com/bizreach-inc/hrmony-prf/pull/4644,2021,7,26,goal,feat,1204,2021-06-30 10:20:57,2021-06-30 10:25:30,2021-07-01 02:11:03,2021-07-01 06:13:24,2021-07-01 06:25:37,5,43,19,5,SBPRF-9988 Merge errors,merge-me,true,false
4643,https://github.com/bizreach-inc/hrmony-prf/pull/4643,2021,7,27,goal,feat,10259,2021-06-28 05:32:29,2021-06-30 08:33:15,2021-07-05 07:16:18,2021-07-05 07:50:37,2021-07-05 08:32:17,20,239,46,26,SBPRF-10197 [FE] [goal] review label can be read,merge-me,true,false
4642,https://github.com/bizreach-inc/hrmony-prf/pull/4642,2021,7,26,,fix,975,2021-06-30 07:56:24,2021-06-30 08:14:03,2021-06-30 08:51:28,2021-06-30 08:55:42,2021-07-01 00:11:50,3,109,6,10,SBRPF-9597  auth destroyer,"merge-me,update-me",true,true
4641,https://github.com/bizreach-inc/hrmony-prf/pull/4641,2021,7,26,1on1,fix,1383,2021-06-30 07:28:11,2021-06-30 07:41:17,2021-06-30 08:24:36,2021-06-30 08:49:59,2021-07-01 06:31:13,3,6,6,1,SBPRF-10182 fix list oneonone by pairId,merge-me,true,true
4640,https://github.com/bizreach-inc/hrmony-prf/pull/4640,2021,6,26,goal,feat,160,2021-06-30 06:49:48,2021-06-30 07:24:02,2021-06-30 09:29:02,2021-06-30 09:29:02,2021-06-30 09:29:56,6,312,43,17,SBPRF-9988 [Web Layer] [Update] Can register the review step labels.,merge-me,true,false
4639,https://github.com/bizreach-inc/hrmony-prf/pull/4639,2021,7,27,,refactor,11309,2021-06-28 04:10:44,2021-06-30 06:56:58,2021-07-02 00:08:04,2021-07-02 09:11:41,2021-07-06 00:39:59,6,2379,2262,146,SBPRF-10186 Simplify sbt settings and enable lint toggling,merge-me,true,true
4638,https://github.com/bizreach-inc/hrmony-prf/pull/4638,2021,7,27,org,feat,14386,2021-06-29 02:40:12,2021-06-30 06:09:43,2021-07-06 08:06:56,2021-07-09 02:00:54,2021-07-09 02:26:36,127,4243,678,60,SBPRF-9649 take snapshots independent of period,merge-me,true,true
4636,https://github.com/bizreach-inc/hrmony-prf/pull/4636,2021,6,26,,chore,21,2021-06-29 06:56:20,2021-06-29 07:03:18,2021-06-29 07:04:55,2021-06-29 07:04:55,2021-06-29 07:17:59,1,0,4,2,SBPRF-8869 Fix: schema deletion is reminded though DB operation is failed,"merge-me,xem",false,true
4635,https://github.com/bizreach-inc/hrmony-prf/pull/4635,2021,6,26,goal,feat,1457,2021-06-29 06:32:50,2021-06-29 06:36:32,2021-06-29 08:00:03,2021-06-30 01:55:45,2021-06-30 06:50:20,14,138,9,11,SBPRF-9988 Store processing in the core layer and the infra layer.,"db-migration,merge-me",true,false
4634,https://github.com/bizreach-inc/hrmony-prf/pull/4634,2021,6,26,goal,feat,2815,2021-06-28 05:32:29,2021-06-29 05:36:41,2021-06-30 00:36:56,2021-06-30 04:12:08,2021-06-30 04:27:43,9,364,5,24,SBPRF-9988 fe review label can be set,merge-me,true,false
4633,https://github.com/bizreach-inc/hrmony-prf/pull/4633,2021,6,26,goal,feat,156,2021-06-29 04:21:54,2021-06-29 05:07:27,2021-06-29 06:58:01,2021-06-29 06:58:10,2021-06-29 06:58:33,1,96,0,6,SBPRF-9988 [Web Layer] Can register the review step labels.,merge-me,true,false
4632,https://github.com/bizreach-inc/hrmony-prf/pull/4632,2021,7,26,survey,fix,3326,2021-06-29 02:40:12,2021-06-29 04:26:20,2021-06-29 05:36:46,2021-07-01 08:35:55,2021-07-01 10:06:56,36,97,308,63,SBPRF-9656 prepare for delivery of authority management,merge-me,true,true
4631,https://github.com/bizreach-inc/hrmony-prf/pull/4631,2021,7,30,goal,feat,42304,2021-06-29 01:58:02,2021-06-29 01:58:45,2021-07-28 10:22:02,2021-07-28 10:22:02,2021-07-28 11:02:48,47,2117,158,135,SBPRF-9988 Can register review step labels.,"db-migration,merge-me,update-me",true,true
4630,https://github.com/bizreach-inc/hrmony-prf/pull/4630,2021,7,26,goal,feat,15397,2021-06-21 06:36:52,2021-06-29 00:35:28,2021-06-30 09:32:47,2021-07-01 08:22:22,2021-07-01 23:14:27,30,230,787,20,SBPRF-9956 merge adjusting table,,true,false
4629,https://github.com/bizreach-inc/hrmony-prf/pull/4629,2021,6,26,goal,fix,57,2021-06-28 09:10:00,2021-06-28 09:11:50,2021-06-28 09:49:19,2021-06-28 09:49:19,2021-06-28 10:07:20,3,19,13,2,SBPRF-9437 Fix: Handle error about a file,merge-me,true,false
4628,https://github.com/bizreach-inc/hrmony-prf/pull/4628,2021,7,26,,fix,4447,2021-06-28 06:28:25,2021-06-28 06:29:25,2021-06-28 07:00:42,2021-06-28 07:00:42,2021-07-01 08:35:33,2,6,11,1,HESRE-1413 Fix parameter embedding in error message,"merge-me,xem",false,true
4627,https://github.com/bizreach-inc/hrmony-prf/pull/4627,2021,7,27,goal,feat,18668,2021-06-25 07:03:45,2021-06-28 06:24:43,2021-07-02 04:13:09,2021-07-07 07:19:31,2021-07-08 06:11:50,20,698,98,24,SBPRF-9941 Update review items sequentially,merge-me,true,true
4626,https://github.com/bizreach-inc/hrmony-prf/pull/4626,2021,6,26,goal,fix,4437,2021-06-25 05:43:51,2021-06-28 04:55:00,2021-06-28 07:32:11,2021-06-28 07:32:11,2021-06-28 07:41:31,6,99,78,2,SBPRF-9437 Fix: internal server error occurred when incoherent csv was uploaded,merge-me,true,false
4625,https://github.com/bizreach-inc/hrmony-prf/pull/4625,2021,7,28,,refactor,24818,2021-06-28 01:09:44,2021-06-28 01:09:56,2021-07-12 00:00:26,2021-07-12 00:00:26,2021-07-15 06:48:36,4,1,1,1,SBPRF-10317 Update mockito-core to 3.11.2,"merge-me,xem",false,true
4620,https://github.com/bizreach-inc/hrmony-prf/pull/4620,2021,6,26,survey,fix,5259,2021-06-25 09:57:19,2021-06-25 10:17:41,2021-06-28 09:24:03,2021-06-28 09:24:03,2021-06-29 01:36:36,8,219,10,6,SBPRF-10217 Fix from displaying multiple organizations,merge-me,true,true
4619,https://github.com/bizreach-inc/hrmony-prf/pull/4619,2021,6,26,goal,fix,4253,2021-06-25 05:55:04,2021-06-25 08:11:54,2021-06-28 04:47:35,2021-06-28 04:47:35,2021-06-28 04:48:59,8,594,50,12,SBPRF-9437 be fix review update repo,merge-me,true,false
4618,https://github.com/bizreach-inc/hrmony-prf/pull/4618,2021,6,25,goal,fix,243,2021-06-25 00:14:20,2021-06-25 00:22:38,2021-06-25 04:17:02,2021-06-25 04:17:02,2021-06-25 04:17:59,1,40,33,2,SBPRF-9437 Fix to be able rows and columns if return errors.,merge-me,true,false
4617,https://github.com/bizreach-inc/hrmony-prf/pull/4617,2021,6,26,survey,fix,8129,2021-06-24 10:00:30,2021-06-24 10:03:57,2021-06-29 01:19:10,2021-06-29 01:19:10,2021-06-30 01:30:00,13,420,40,18,SBPRF-10183 let survey_manage:create permission see survey list,merge-me,true,true
4616,https://github.com/bizreach-inc/hrmony-prf/pull/4616,2021,6,26,goal,feat,31322,2021-06-07 07:03:26,2021-06-24 08:18:20,2021-06-29 00:50:11,2021-06-29 00:50:22,2021-06-29 01:05:27,26,4317,110,72,SBPRF-9437  [FINAL] import reviews csv,merge-me,true,true
4614,https://github.com/bizreach-inc/hrmony-prf/pull/4614,2021,6,26,goal,feat,8278,2021-06-23 07:59:41,2021-06-23 08:07:40,2021-06-28 09:36:54,2021-06-29 01:56:46,2021-06-29 01:58:02,17,443,1,9,SBPRF-9988 [Core Layer] Review label can be set.,"db-migration,merge-me",true,false
4613,https://github.com/bizreach-inc/hrmony-prf/pull/4613,2021,6,25,goal,feat,24,2021-06-23 06:56:07,2021-06-23 06:59:14,2021-06-23 07:20:01,2021-06-23 07:20:01,2021-06-23 07:20:36,1,49,37,2,SBPRF-9437 Change error patterns and error messages.,merge-me,true,false
4612,https://github.com/bizreach-inc/hrmony-prf/pull/4612,2021,6,25,1on1,feat,1744,2021-06-23 01:48:16,2021-06-23 03:06:28,2021-06-23 09:38:23,2021-06-23 09:38:23,2021-06-24 06:52:50,3,170,17,11,SBPRF-9822 Can notice the 1on1 search feature.,"merge-me,update-me",true,true
4610,https://github.com/bizreach-inc/hrmony-prf/pull/4610,2021,6,25,goal,fix,1094,2021-06-21 10:25:08,2021-06-21 10:28:15,2021-06-22 02:00:46,2021-06-22 02:00:46,2021-06-22 04:39:13,2,10,2,2,SBPRF-10090 Fix: a disclosed button is available after fetched sheets,merge-me,true,true
4609,https://github.com/bizreach-inc/hrmony-prf/pull/4609,2021,6,26,goal,feat,12579,2021-06-21 06:36:52,2021-06-21 08:51:25,2021-06-24 01:03:17,2021-06-29 08:17:15,2021-06-30 00:16:00,15,1846,149,45,SBPRF-9943 implement reviews table,merge-me,true,true
4608,https://github.com/bizreach-inc/hrmony-prf/pull/4608,2021,6,25,goal,feat,2846,2021-06-21 07:43:27,2021-06-21 07:45:29,2021-06-22 07:49:06,2021-06-23 06:22:01,2021-06-23 07:09:30,5,90,35,4,SBPRF-9949-fix-sheet-edit,,true,false
4607,https://github.com/bizreach-inc/hrmony-prf/pull/4607,2021,6,25,goal,feat,2931,2021-06-21 07:08:43,2021-06-21 07:09:17,2021-06-23 06:11:40,2021-06-23 07:52:11,2021-06-23 08:00:32,14,494,97,22,SBPRF-9437 BE-4AB,merge-me,true,false
4604,https://github.com/bizreach-inc/hrmony-prf/pull/4604,2021,6,25,goal,feat,7197,2021-06-18 06:11:19,2021-06-21 06:19:25,2021-06-22 10:37:06,2021-06-22 10:37:06,2021-06-23 06:09:01,8,343,53,15,SBPRF-9437 [FE] Can import reviews as CSV.,merge-me,true,false
4603,https://github.com/bizreach-inc/hrmony-prf/pull/4603,2021,6,25,,,352,2021-06-21 01:12:11,2021-06-21 01:13:56,,,2021-06-21 07:04:57,2,735,834,20,refactor,merge-me,true,false
4601,https://github.com/bizreach-inc/hrmony-prf/pull/4601,2021,11,47,,refactor,224725,2021-06-21 01:10:41,2021-06-21 01:10:58,2021-11-24 02:27:14,2021-11-24 02:27:14,2021-11-24 02:35:43,6,1,1,1,SBPRF-10190 Update refined to 0.9.26,"merge-me,xem",false,true
4600,https://github.com/bizreach-inc/hrmony-prf/pull/4600,2021,11,45,,refactor,203506,2021-06-21 01:10:33,2021-06-21 01:10:40,2021-11-09 08:51:30,2021-11-09 08:51:30,2021-11-09 08:57:06,2,1,1,1,SBPRF-10189 Update commons-net to 3.8.0,"merge-me,xem",false,true
4597,https://github.com/bizreach-inc/hrmony-prf/pull/4597,2021,6,25,,refactor,5472,2021-06-18 05:40:26,2021-06-18 13:31:45,2021-06-21 05:36:43,2021-06-21 05:36:43,2021-06-22 00:52:38,4,223,368,143,SBPRF-10185 Simplify sbt settings,"merge-me,xem",false,true
4596,https://github.com/bizreach-inc/hrmony-prf/pull/4596,2021,6,25,goal,fix,5618,2021-06-18 10:58:31,2021-06-18 11:01:38,2021-06-21 06:39:07,2021-06-21 06:39:07,2021-06-22 08:37:17,3,8,6,1,SBPRF-10070 fix reviewer write permission order to compare properly,merge-me,true,true
4595,https://github.com/bizreach-inc/hrmony-prf/pull/4595,2021,6,25,goal,fix,4277,2021-06-18 08:27:45,2021-06-18 08:54:11,2021-06-21 02:59:45,2021-06-21 02:59:45,2021-06-21 07:44:55,2,1,1,1,SBPRF-9963 Change link to help page,merge-me,true,true
4594,https://github.com/bizreach-inc/hrmony-prf/pull/4594,2021,6,25,1on1,feat,4219,2021-06-18 07:11:43,2021-06-18 07:35:30,2021-06-18 09:11:11,2021-06-18 09:11:11,2021-06-21 05:30:58,2,14,5,8,SBPRF-10109 Ready for deploy,merge-me,true,false
4593,https://github.com/bizreach-inc/hrmony-prf/pull/4593,2021,6,24,goal,chore,51,2021-06-18 05:51:48,2021-06-18 05:56:03,2021-06-18 06:42:12,2021-06-18 06:42:12,2021-06-18 06:42:49,2,99,0,1,SBPRF-9437 Update the OAS (import csv and export csv).,"merge-me,update-me",true,true
4591,https://github.com/bizreach-inc/hrmony-prf/pull/4591,2021,6,24,1on1,hotfix,213,2021-06-18 01:32:26,2021-06-18 01:34:10,2021-06-18 01:36:54,2021-06-18 01:37:48,2021-06-18 05:06:19,1,1,1,1,SBPRF-10182 Fix log level,merge-me,true,true
4590,https://github.com/bizreach-inc/hrmony-prf/pull/4590,2021,7,26,goal,feat,32952,2021-06-09 02:53:55,2021-06-17 06:38:33,2021-06-22 01:04:40,2021-06-30 07:17:08,2021-07-02 00:06:50,72,567,787,32,SBPRF-9825 List reviews' body,merge-me,true,true
4589,https://github.com/bizreach-inc/hrmony-prf/pull/4589,2021,6,25,,refactor,5409,2021-06-17 06:18:14,2021-06-17 06:21:38,2021-06-18 08:24:15,2021-06-18 08:24:15,2021-06-21 00:27:33,3,3,1,2,SBPRF-10115 Update sbt-wartremover to 2.2.15,merge-me,true,true
4588,https://github.com/bizreach-inc/hrmony-prf/pull/4588,2021,6,25,goal,feat,17577,2021-06-11 03:03:03,2021-06-17 01:11:31,2021-06-22 04:36:24,2021-06-23 05:53:36,2021-06-23 08:00:53,30,2891,201,40,SBPRF-9437  BE-3B validatior implementation,merge-me,true,false
4587,https://github.com/bizreach-inc/hrmony-prf/pull/4587,2021,6,24,,refactor,1127,2021-06-16 11:12:44,2021-06-16 11:16:39,2021-06-17 00:45:00,2021-06-17 00:45:00,2021-06-17 06:00:26,4,100,100,42,SBPRF-10108 Update sbt to 1.5.4 and sbt-twirl to 1.5.1,merge-me,true,true
4586,https://github.com/bizreach-inc/hrmony-prf/pull/4586,2021,7,26,1on1,fix,21155,2021-06-16 10:00:00,2021-06-16 10:01:23,2021-06-30 09:02:47,2021-07-01 02:19:58,2021-07-01 02:35:14,5,90,30,9,SBPRF-8892 Fix rearranged oneonone theme,merge-me,true,true
4585,https://github.com/bizreach-inc/hrmony-prf/pull/4585,2021,6,24,,refactor,1124,2021-06-16 09:20:53,2021-06-16 09:22:49,2021-06-16 23:36:21,2021-06-16 23:36:21,2021-06-17 04:05:21,2,1,1,1,SBPRF-10102 Update scala-test to 3.2.9,"merge-me,xem",false,true
4584,https://github.com/bizreach-inc/hrmony-prf/pull/4584,2021,6,25,authorization,fix,8237,2021-06-16 08:08:45,2021-06-16 08:10:06,2021-06-21 07:59:05,2021-06-21 09:32:31,2021-06-22 01:25:50,15,70,32,5,SBPRF-10099 Enhance form subscription in order to prevent Memory leak,merge-me,true,true
4583,https://github.com/bizreach-inc/hrmony-prf/pull/4583,2021,6,25,survey,fix,6896,2021-06-16 08:03:05,2021-06-16 08:09:23,2021-06-16 08:10:28,2021-06-18 07:52:12,2021-06-21 02:59:30,10,90,70,7,SBPRF-10057 fix team conditions selection duplication and state saving,"merge-me,update-me",true,true
4582,https://github.com/bizreach-inc/hrmony-prf/pull/4582,2021,6,24,goal,fix,1284,2021-06-15 09:57:47,2021-06-15 10:04:18,2021-06-16 07:21:26,2021-06-16 07:21:26,2021-06-16 07:21:55,3,16,10,1,SBPRF-9962 Fix to add the reviewer write permission when updating a section.,"merge-me,update-me",true,true
4580,https://github.com/bizreach-inc/hrmony-prf/pull/4580,2021,6,24,goal,fix,4236,2021-06-15 06:32:56,2021-06-15 06:35:39,2021-06-16 04:34:16,2021-06-16 04:34:16,2021-06-18 05:09:38,2,233,13,21,SBPRF-9436 Use collections,merge-me,true,false
4579,https://github.com/bizreach-inc/hrmony-prf/pull/4579,2021,6,25,goal,feat,12631,2021-06-15 05:48:12,2021-06-15 05:51:39,2021-06-16 09:06:34,2021-06-23 02:42:18,2021-06-24 00:19:36,16,771,169,46,SBPRF-9948 add core reference type,merge-me,true,true
4578,https://github.com/bizreach-inc/hrmony-prf/pull/4578,2021,6,24,goal,fix,2949,2021-06-15 04:24:13,2021-06-15 04:29:15,2021-06-15 05:28:22,2021-06-16 05:29:15,2021-06-17 05:34:02,5,3,3,2,SBPRF-9986 Display 15 digits in fractional part,merge-me,true,true
4577,https://github.com/bizreach-inc/hrmony-prf/pull/4577,2021,6,24,survey,fix,118,2021-06-15 03:02:28,2021-06-15 03:05:46,2021-06-15 03:10:13,2021-06-15 03:11:47,2021-06-15 05:01:19,3,33,33,2,SBPRF-10072 fix dynamic date tests,merge-me,true,true
4576,https://github.com/bizreach-inc/hrmony-prf/pull/4576,2021,6,24,polyphony,fix,5730,2021-06-14 08:05:45,2021-06-14 10:26:00,2021-06-16 04:46:46,2021-06-16 07:51:49,2021-06-18 07:36:23,8,50,69,35,SBPRF-9257 Fix by updating polyphony v5,merge-me,true,true
4575,https://github.com/bizreach-inc/hrmony-prf/pull/4575,2021,6,25,goal,feat,21919,2021-06-09 02:53:55,2021-06-14 08:50:09,2021-06-18 07:50:54,2021-06-22 06:29:01,2021-06-24 08:13:05,41,777,26,16,SBPRF-9940 List reviews header (review),merge-me,true,true
4574,https://github.com/bizreach-inc/hrmony-prf/pull/4574,2021,6,24,1on1,fix,1856,2021-06-14 02:55:07,2021-06-14 03:02:33,2021-06-14 09:19:10,2021-06-15 07:59:23,2021-06-15 09:51:26,9,44,11,2,SBPRF-9799 Fix to be able to search 1on1 even after changing an attendee.,"merge-me,update-me",true,true
4573,https://github.com/bizreach-inc/hrmony-prf/pull/4573,2021,6,24,pulse,feat,3221,2021-06-14 02:51:10,2021-06-14 02:53:38,2021-06-15 07:51:01,2021-06-15 07:51:01,2021-06-16 08:32:13,23,402,880,34,SBPRF-9628: change pulse reminders to be queued individually,merge-me,true,true
4572,https://github.com/bizreach-inc/hrmony-prf/pull/4572,2021,6,24,goal,fix,419,2021-06-14 02:05:36,2021-06-14 02:24:42,2021-06-14 03:08:37,2021-06-14 03:08:37,2021-06-14 09:05:05,2,5,11,1,SBPRF-9921 Fix goal completion,"merge-me,update-me",true,true
4569,https://github.com/bizreach-inc/hrmony-prf/pull/4569,2021,11,45,,refactor,216033,2021-06-14 01:10:23,2021-06-14 01:10:46,2021-11-10 06:02:02,2021-11-10 06:02:02,2021-11-11 01:44:11,3,1,1,1,"SBPRF-10065 Update filters-helpers, play, play-ahc-ws, ... to 2.8.8","merge-me,xem",false,true
4566,https://github.com/bizreach-inc/hrmony-prf/pull/4566,2021,6,24,,fix,405,2021-06-14 00:01:02,2021-06-14 00:08:08,2021-06-14 06:09:24,2021-06-14 06:09:24,2021-06-14 06:46:59,5,121,71,12,SBPRF-9629 fix unexpected admin 404,merge-me,true,true
4565,https://github.com/bizreach-inc/hrmony-prf/pull/4565,2021,6,24,authorization,fix,5803,2021-06-11 07:01:25,2021-06-11 07:06:02,2021-06-14 09:47:19,2021-06-15 05:35:43,2021-06-15 07:44:47,14,255,132,16,SBPRF-9474  fix pagination of authorization member and groups,merge-me,true,true
4564,https://github.com/bizreach-inc/hrmony-prf/pull/4564,2021,6,24,goal,fix,6123,2021-06-10 23:57:19,2021-06-10 23:59:51,2021-06-14 08:03:44,2021-06-14 08:57:35,2021-06-15 06:00:22,4,3,3,2,SBPRF-10001 fix declaration position,merge-me,true,true
4562,https://github.com/bizreach-inc/hrmony-prf/pull/4562,2021,7,29,,chore,67663,2021-06-04 07:53:36,2021-06-10 06:18:23,2021-07-21 07:02:14,2021-07-21 07:27:54,2021-07-21 07:36:59,3,64,64,9,HESRE-1484: change oregon core to tokyo core at dev env,,true,true
4560,https://github.com/bizreach-inc/hrmony-prf/pull/4560,2021,6,23,goal,feat,2552,2021-06-08 13:29:17,2021-06-09 09:10:00,2021-06-09 10:10:25,2021-06-10 08:00:22,2021-06-10 08:01:40,7,143,3,11,SBPRF- 9437  BE 3A import reviews csv,merge-me,true,false
4559,https://github.com/bizreach-inc/hrmony-prf/pull/4559,2021,6,23,goal,fix,2557,2021-06-09 06:58:41,2021-06-09 08:06:45,2021-06-09 08:41:48,2021-06-09 23:18:33,2021-06-11 01:36:20,7,4,1,1,SBPRF-9977 Fix getting wrong score for collection error,merge-me,true,true
4558,https://github.com/bizreach-inc/hrmony-prf/pull/4558,2021,6,23,goal,chore,179,2021-06-09 07:34:52,2021-06-09 07:41:16,2021-06-09 08:39:52,2021-06-09 09:27:09,2021-06-09 10:34:33,6,227,137,2,SBPRF-8539 Update the OAS.,"merge-me,update-me",true,true
4557,https://github.com/bizreach-inc/hrmony-prf/pull/4557,2021,6,23,goal,chore,1550,2021-06-09 06:35:31,2021-06-09 06:43:00,2021-06-10 01:45:57,2021-06-10 01:45:57,2021-06-10 08:25:47,3,10,10,1,SBPRF-9968 Fix sample-data.sql,merge-me,true,true
4556,https://github.com/bizreach-inc/hrmony-prf/pull/4556,2021,6,23,survey,feat,410,2021-06-09 01:41:46,2021-06-09 01:42:41,2021-06-09 03:57:22,2021-06-09 08:30:30,2021-06-09 08:31:48,13,350,81,28,SBPRF-8372 let non-admin manage survey,merge-me,true,false
4555,https://github.com/bizreach-inc/hrmony-prf/pull/4555,2021,6,23,1on1,refactor,1370,2021-06-08 07:32:31,2021-06-08 07:34:57,2021-06-09 01:36:59,2021-06-09 05:01:58,2021-06-09 06:23:07,6,9,102,13,SBPRF-9511 Remove the micro user onboarding about the skip todo,"merge-me,update-me",true,true
4554,https://github.com/bizreach-inc/hrmony-prf/pull/4554,2021,6,23,1on1,fix,1280,2021-06-08 07:12:47,2021-06-08 07:13:29,2021-06-08 09:13:25,2021-06-08 09:13:25,2021-06-09 04:33:14,4,6,4,1,SBPRF-9800 Fix the way to highlight text.,"merge-me,update-me",true,true
4553,https://github.com/bizreach-inc/hrmony-prf/pull/4553,2021,6,23,goal,fix,2564,2021-06-08 06:25:48,2021-06-08 06:26:38,2021-06-09 00:35:02,2021-06-09 05:26:42,2021-06-10 01:10:42,5,107,121,6,SBPRF-9514 fix calculation type section related ui design,merge-me,true,true
4552,https://github.com/bizreach-inc/hrmony-prf/pull/4552,2021,6,23,,refactor,69,2021-06-08 03:02:47,2021-06-08 03:05:12,2021-06-08 04:10:50,2021-06-08 04:10:50,2021-06-08 04:11:59,1,0,708,1,SBPRF-9969 fix package-lock.json related to #4531,"merge-me,xem",false,true
4549,https://github.com/bizreach-inc/hrmony-prf/pull/4549,2021,6,23,goal,feat,3903,2021-06-07 07:25:45,2021-06-07 07:27:54,2021-06-08 04:45:09,2021-06-09 02:11:45,2021-06-10 00:28:52,6,144,1,3,SBPRF-9947 add references migration,"db-migration,merge-me",true,true
4548,https://github.com/bizreach-inc/hrmony-prf/pull/4548,2021,10,43,,refactor,207324,2021-06-07 01:10:24,2021-06-07 01:10:39,2021-10-28 10:48:52,2021-10-29 00:31:08,2021-10-29 00:35:17,5,1,1,1,SBPRF-9939 Update bolt to 1.12.1,"merge-me,update-me,xem",false,true
4545,https://github.com/bizreach-inc/hrmony-prf/pull/4545,2021,11,45,,refactor,226566,2021-06-07 01:09:36,2021-06-07 01:09:50,2021-10-04 01:15:32,2021-10-04 01:15:32,2021-11-11 09:15:54,78,1,1,1,SBPRF-9936 Update launchdarkly-java-server-sdk to 5.1.1,"merge-me,update-me,xem",false,true
4543,https://github.com/bizreach-inc/hrmony-prf/pull/4543,2021,6,23,goal,fix,4336,2021-06-06 23:30:45,2021-06-06 23:33:24,2021-06-07 10:23:12,2021-06-09 08:35:52,2021-06-09 23:47:14,5,7,1,2,SBPRF-8917 fix calculation functions,merge-me,true,true
4542,https://github.com/bizreach-inc/hrmony-prf/pull/4542,2021,6,23,1on1,fix,5502,2021-06-03 09:23:56,2021-06-04 09:45:31,2021-06-07 01:24:14,2021-06-07 01:24:14,2021-06-07 05:06:41,3,36,12,3,SBPRF-9791 Fix display bugs of 1on1 minimum search.,merge-me,true,true
4540,https://github.com/bizreach-inc/hrmony-prf/pull/4540,2021,6,23,1on1,fix,4216,2021-06-04 07:08:52,2021-06-04 09:21:22,2021-06-07 03:30:30,2021-06-07 03:30:30,2021-06-07 05:25:45,7,106,39,6,SBPRF-9804 Fix to not search future 1on1 of canceled and invalid.,"merge-me,update-me",true,true
4539,https://github.com/bizreach-inc/hrmony-prf/pull/4539,2021,6,22,survey,hotfix,17,2021-06-04 08:35:19,2021-06-04 08:36:41,2021-06-04 08:41:31,2021-06-04 08:41:31,2021-06-04 08:53:02,1,18,2,2,SBPRF-8379 add FF to csv export,merge-me,true,true
4538,https://github.com/bizreach-inc/hrmony-prf/pull/4538,2021,6,23,survey,feat,5438,2021-06-04 08:04:01,2021-06-04 08:14:03,2021-06-04 08:38:55,2021-06-04 08:38:55,2021-06-08 02:42:26,7,547,43,20,SBPRF-9933 Show avatars who can access survey reports,"merge-me,update-me",true,true
4537,https://github.com/bizreach-inc/hrmony-prf/pull/4537,2021,6,23,goal,fix,7338,2021-06-04 07:13:05,2021-06-04 07:16:28,2021-06-04 10:05:49,2021-06-09 00:22:34,2021-06-09 09:31:43,6,4,2,1,SBPRF-9849 Display calculated result when result is 0,merge-me,true,true
4536,https://github.com/bizreach-inc/hrmony-prf/pull/4536,2021,6,23,survey,feat,20228,2021-05-28 07:19:28,2021-06-04 06:23:51,2021-06-07 05:33:17,2021-06-09 08:03:53,2021-06-11 08:28:16,352,737,188,42,SBPRF-8368 download csv with names,merge-me,true,true
4535,https://github.com/bizreach-inc/hrmony-prf/pull/4535,2021,6,23,goal,fix,8618,2021-06-04 06:05:01,2021-06-04 06:09:50,2021-06-04 09:53:02,2021-06-09 00:23:32,2021-06-10 05:43:01,7,3,1,1,SBPRF-9322 Add * to period's phase ,merge-me,true,true
4534,https://github.com/bizreach-inc/hrmony-prf/pull/4534,2021,6,23,survey,feat,22402,2021-05-24 12:15:50,2021-06-04 05:40:22,2021-06-07 00:37:34,2021-06-07 11:47:55,2021-06-09 01:38:00,321,2966,1169,97,SBPRF-8371 apply anonymous report permission,merge-me,true,true
4533,https://github.com/bizreach-inc/hrmony-prf/pull/4533,2021,6,23,goal,fix,11382,2021-06-02 09:19:51,2021-06-03 08:32:15,2021-06-07 10:38:18,2021-06-09 05:47:45,2021-06-10 07:01:59,9,407,85,22,SBPRF-9602 Return user's team name in period,merge-me,true,true
4532,https://github.com/bizreach-inc/hrmony-prf/pull/4532,2021,6,24,survey,feat,15900,2021-06-03 01:47:46,2021-06-03 01:54:55,2021-06-14 01:26:03,2021-06-14 01:26:03,2021-06-14 02:48:42,2,7,0,2,SBPRF-9836 Add suzuki's information to local files,merge-me,true,true
4531,https://github.com/bizreach-inc/hrmony-prf/pull/4531,2021,6,22,goal,fix,11848,2021-05-25 05:34:18,2021-06-02 04:37:31,2021-06-02 10:30:11,2021-06-02 10:30:11,2021-06-02 11:03:14,4,196,16059,352,SBPRF-8755  Remove v1 related code,"merge-me,update-me",true,true
4530,https://github.com/bizreach-inc/hrmony-prf/pull/4530,2021,6,22,goal,fix,1330,2021-06-02 01:29:53,2021-06-02 01:32:35,2021-06-02 03:07:48,2021-06-02 03:15:27,2021-06-02 23:40:21,3,9,2,2,SBPRF-9458 fix disabled toggle,merge-me,true,true
4529,https://github.com/bizreach-inc/hrmony-prf/pull/4529,2021,6,22,goal,fix,1219,2021-06-01 09:31:32,2021-06-01 09:37:28,2021-06-01 10:48:41,2021-06-01 10:48:41,2021-06-02 05:51:26,2,48,15,3,SBPRF-9625 Fix the displaying bug of sorting.,merge-me,true,false
4528,https://github.com/bizreach-inc/hrmony-prf/pull/4528,2021,6,22,goal,fix,1173,2021-06-01 09:00:40,2021-06-01 09:09:44,2021-06-01 09:35:33,2021-06-01 22:42:43,2021-06-02 04:33:59,4,3,3,2,SBPRF-9623 Fix calculation functions' order not stable error,merge-me,true,true
4527,https://github.com/bizreach-inc/hrmony-prf/pull/4527,2021,6,22,goal,feat,1409,2021-06-01 08:34:35,2021-06-01 08:55:46,2021-06-02 08:00:40,2021-06-02 08:00:40,2021-06-02 08:04:06,2,134,0,7,SBPRF-9436 Add sheet option,merge-me,true,false
4526,https://github.com/bizreach-inc/hrmony-prf/pull/4526,2021,6,23,1on1,refactor,12833,2021-06-01 02:50:20,2021-06-01 02:51:54,2021-06-07 06:30:17,2021-06-10 00:39:59,2021-06-10 00:43:48,6,10,11,2,SBPRF-4800 Upgrade lib: ical4j,"merge-me,update-me",true,true
4525,https://github.com/bizreach-inc/hrmony-prf/pull/4525,2021,6,22,goal,fix,1038,2021-05-31 08:35:11,2021-05-31 09:26:21,2021-06-01 01:51:55,2021-06-01 01:51:55,2021-06-01 01:53:15,2,38,2,3,SBPRF-9632 Fix bug after QA.,merge-me,true,false
4524,https://github.com/bizreach-inc/hrmony-prf/pull/4524,2021,5,22,goal,docs,86,2021-05-31 08:02:54,2021-05-31 08:40:52,2021-05-31 09:09:46,2021-05-31 09:18:23,2021-05-31 09:29:30,1,39,0,1,SBPRF-9436 Update OAS,merge-me,true,false
4522,https://github.com/bizreach-inc/hrmony-prf/pull/4522,2021,6,25,goal,feat,38936,2021-05-28 10:07:44,2021-05-31 03:31:50,2021-05-31 04:57:47,2021-06-02 11:09:12,2021-06-24 11:04:06,20,301,48,6,SBPRF-9505 Migration from auto calculation section to calculation section,"db-migration,merge-me",true,true
4521,https://github.com/bizreach-inc/hrmony-prf/pull/4521,2021,6,22,goal,fix,11882,2021-05-25 05:34:18,2021-05-31 02:44:32,2021-06-01 08:57:38,2021-06-01 08:57:38,2021-06-02 11:37:07,17,13,99,6,SBPRF-9528  drop v1 uses columns,"db-migration,merge-me",true,true
4518,https://github.com/bizreach-inc/hrmony-prf/pull/4518,2021,11,45,,refactor,233761,2021-05-31 01:09:46,2021-05-31 01:09:59,2021-11-09 09:03:16,2021-11-09 09:03:16,2021-11-09 09:10:53,6,1,1,1,SBPRF-9786 Update scala-csv to 1.3.8,"merge-me,xem",false,true
4516,https://github.com/bizreach-inc/hrmony-prf/pull/4516,2021,6,25,,refactor,30226,2021-05-31 01:09:12,2021-05-31 01:09:32,2021-06-18 08:48:15,2021-06-18 08:48:15,2021-06-21 00:55:22,4,2,3,2,SBPRF-9784 Update sbt-scalafix to 0.9.29,"merge-me,xem",false,true
4515,https://github.com/bizreach-inc/hrmony-prf/pull/4515,2021,5,21,1on1,fix,45,2021-05-28 08:30:42,2021-05-28 08:46:14,2021-05-28 09:12:54,2021-05-28 09:12:54,2021-05-28 09:15:59,2,1,0,1,SBPRF-8380 Fix to add max height to theme select UI.,"merge-me,update-me",true,true
4514,https://github.com/bizreach-inc/hrmony-prf/pull/4514,2021,5,22,1on1,fix,4285,2021-05-28 08:27:12,2021-05-28 08:34:12,2021-05-31 07:29:42,2021-05-31 07:29:42,2021-05-31 07:52:53,4,7,0,1,SBPRF-8381  fix enter event on 1on1 modal,merge-me,true,true
4513,https://github.com/bizreach-inc/hrmony-prf/pull/4513,2021,5,21,1on1,feat,195,2021-05-28 06:08:49,2021-05-28 06:35:30,2021-05-28 09:23:25,2021-05-28 09:23:25,2021-05-28 09:24:48,1,23,10,3,SBPRF-9737 Prepare for deployment.,merge-me,true,false
4512,https://github.com/bizreach-inc/hrmony-prf/pull/4512,2021,5,21,1on1,fix,181,2021-05-28 05:17:54,2021-05-28 05:19:42,2021-05-28 06:46:47,2021-05-28 06:46:47,2021-05-28 08:19:00,3,1,0,1,SBPRF-7846 Update overflow to hidden,merge-me,true,true
4511,https://github.com/bizreach-inc/hrmony-prf/pull/4511,2021,10,39,,refactor,181358,2021-05-28 03:10:31,2021-05-28 03:10:45,2021-09-30 09:54:10,2021-10-01 00:08:09,2021-10-01 01:49:11,10,1,1,1,SBPRF-9772 Update organize-imports to 0.5.0,"merge-me,xem",false,true
4506,https://github.com/bizreach-inc/hrmony-prf/pull/4506,2021,5,21,,refactor,48,2021-05-28 02:39:40,2021-05-28 02:40:16,2021-05-28 03:22:20,2021-05-28 03:28:06,2021-05-28 03:27:44,2,1,1,1,SBPRF-9359 set scala steward versionas 0.8.1,"merge-me,xem",false,true
4505,https://github.com/bizreach-inc/hrmony-prf/pull/4505,2021,6,22,authorization,feat,25877,2021-05-17 06:26:58,2021-05-28 02:25:52,2021-05-28 02:38:42,2021-06-03 10:12:12,2021-06-04 05:44:04,216,4347,65,93,SBPRF-8379 edit survey scopes,"db-migration,merge-me",true,true
4504,https://github.com/bizreach-inc/hrmony-prf/pull/4504,2021,6,23,goal,feat,24326,2021-05-21 04:27:24,2021-05-26 10:24:40,2021-06-02 09:28:07,2021-06-07 01:29:40,2021-06-07 01:53:26,27,463,86,25,SBPRF-9436 Reflect written reviews to a csv file,merge-me,true,false
4503,https://github.com/bizreach-inc/hrmony-prf/pull/4503,2021,6,22,1on1,fix,8873,2021-05-26 05:56:11,2021-05-26 05:57:48,2021-05-28 05:52:41,2021-05-28 05:52:41,2021-06-01 09:49:19,7,22,5,1,SBPRF-9531 Add error handling,merge-me,true,true
4502,https://github.com/bizreach-inc/hrmony-prf/pull/4502,2021,6,22,goal,feat,27188,2021-05-14 05:09:47,2021-05-26 05:05:35,2021-05-26 10:33:30,2021-05-31 04:10:06,2021-06-02 02:18:15,78,123,10,15,SBPRF-9373 show score,merge-me,true,true
4501,https://github.com/bizreach-inc/hrmony-prf/pull/4501,2021,5,21,goal,feat,7212,2021-05-21 04:27:24,2021-05-25 11:04:14,2021-05-26 01:04:09,2021-05-26 01:32:04,2021-05-26 04:40:03,12,309,18,18,SBPRF-9436 Collect reviewer assignments due to construct rows,,true,false
4500,https://github.com/bizreach-inc/hrmony-prf/pull/4500,2021,6,22,goal,feat,11378,2021-05-25 09:49:50,2021-05-25 09:57:14,2021-05-26 10:09:21,2021-06-02 07:24:39,2021-06-02 07:28:11,6,253,48,12,SBPRF-9436 Can send request to download.,merge-me,true,false
4499,https://github.com/bizreach-inc/hrmony-prf/pull/4499,2021,5,21,,fix,118,2021-05-25 08:33:18,2021-05-25 08:39:11,2021-05-25 09:03:31,2021-05-25 09:03:31,2021-05-25 10:31:19,3,15,15,5,SBPRF-9323 fix pulse & survey UI bug,"merge-me,update-me",true,true
4498,https://github.com/bizreach-inc/hrmony-prf/pull/4498,2021,6,22,goal,refactor,11443,2021-05-25 05:55:27,2021-05-25 06:20:21,2021-06-01 02:36:39,2021-06-02 04:35:51,2021-06-02 04:38:29,10,189,399,25,SBPRF-8755 [BE] Remove v1 code.,merge-me,true,false
4497,https://github.com/bizreach-inc/hrmony-prf/pull/4497,2021,5,21,1on1,fix,3122,2021-05-25 06:07:23,2021-05-25 06:11:33,2021-05-26 09:31:11,2021-05-26 09:31:11,2021-05-27 10:10:17,6,34,1,1,SBPRF-9742 Update OneononeDestroyer,merge-me,true,true
4496,https://github.com/bizreach-inc/hrmony-prf/pull/4496,2021,5,21,,feat,3143,2021-05-25 05:20:17,2021-05-25 05:25:25,2021-05-25 06:09:23,2021-05-25 06:09:23,2021-05-27 09:43:30,3,20,0,2,SBPRF-9230 Can guide HR to open the help page from the admin page.,"merge-me,update-me",true,true
4495,https://github.com/bizreach-inc/hrmony-prf/pull/4495,2021,6,22,goal,feat,15629,2021-05-21 10:45:00,2021-05-24 08:45:08,2021-05-26 05:41:46,2021-05-31 03:57:24,2021-06-01 07:14:53,15,535,5,14,SBPRF-8997 Add validation for score and weight changing,merge-me,true,true
4494,https://github.com/bizreach-inc/hrmony-prf/pull/4494,2021,5,21,goal,refactor,1345,2021-05-24 07:08:33,2021-05-24 08:35:39,2021-05-24 09:37:31,2021-05-24 09:37:31,2021-05-25 05:34:18,6,7,15660,327,SBPRF-8755 [FE] Remove code for v1.,merge-me,true,false
4493,https://github.com/bizreach-inc/hrmony-prf/pull/4493,2021,6,24,1on1,fix,34814,2021-05-24 03:41:10,2021-05-24 08:00:16,2021-05-25 03:06:32,2021-05-25 09:48:20,2021-06-17 07:55:19,18,106,276,9,SBPRF-9251  Fix oneonone listby,"merge-me,update-me",true,true
4492,https://github.com/bizreach-inc/hrmony-prf/pull/4492,2021,5,22,goal,fix,18734,2021-05-18 08:30:16,2021-05-24 06:11:50,2021-05-25 08:49:22,2021-05-26 09:59:18,2021-05-31 08:44:29,5,26,9,1,SBPRF-9202 Set max block shown in Slack message,merge-me,true,true
4491,https://github.com/bizreach-inc/hrmony-prf/pull/4491,2021,5,21,authorization,feat,125,2021-05-24 05:44:59,2021-05-24 05:45:33,2021-05-24 07:15:56,2021-05-24 07:22:27,2021-05-24 07:50:32,6,71,51,5,add corporateId to operation,"db-migration,merge-me",true,true
4490,https://github.com/bizreach-inc/hrmony-prf/pull/4490,2021,6,22,goal,feat,25962,2021-05-14 05:09:47,2021-05-24 05:30:41,2021-05-25 07:27:30,2021-05-31 03:31:32,2021-06-01 05:51:54,84,246,52,15,SBPRF-8921 add calculation logic to csv,merge-me,true,true
4489,https://github.com/bizreach-inc/hrmony-prf/pull/4489,2021,5,21,1on1,fix,5602,2021-05-21 09:49:33,2021-05-21 09:47:43,2021-05-25 01:01:21,2021-05-25 01:01:21,2021-05-25 07:11:36,2,7,6,1,SBPRF-9473 fix report core team code,merge-me,true,true
4488,https://github.com/bizreach-inc/hrmony-prf/pull/4488,2021,5,21,authorization,feat,9019,2021-05-21 03:18:07,2021-05-21 08:03:26,2021-05-25 07:05:54,2021-05-25 07:05:54,2021-05-27 09:37:32,17,270,15,18,SBPRF-9378 can delete role groups,merge-me,true,false
4487,https://github.com/bizreach-inc/hrmony-prf/pull/4487,2021,5,21,goal,chore,4241,2021-05-21 06:00:55,2021-05-21 06:05:41,2021-05-21 07:40:19,2021-05-24 04:22:41,2021-05-24 04:42:41,2,156,135,1,SBPRF-9436 Update the OAS.,merge-me,true,false
4486,https://github.com/bizreach-inc/hrmony-prf/pull/4486,2021,5,21,goal,feat,6978,2021-05-21 04:27:24,2021-05-21 04:29:23,2021-05-25 07:57:45,,2021-05-26 00:45:44,8,568,3,43,SBPRF-9436 Prepare base files (backend),,true,false
4485,https://github.com/bizreach-inc/hrmony-prf/pull/4485,2021,5,21,goal,fix,4352,2021-05-21 04:18:05,2021-05-21 04:26:41,2021-05-24 03:19:51,2021-05-24 03:19:51,2021-05-24 04:50:10,2,10,3,3,SBPRF-8266  Resolve feedback from QA,merge-me,true,false
4484,https://github.com/bizreach-inc/hrmony-prf/pull/4484,2021,6,25,goal,feat,46153,2021-05-21 04:20:51,2021-05-21 04:24:37,2021-06-21 09:58:50,2021-06-21 09:58:50,2021-06-22 05:34:36,25,1959,69,102,SBPRF-9436 HRs can download template sheet reviews as CSV,"merge-me,update-me",true,true
4483,https://github.com/bizreach-inc/hrmony-prf/pull/4483,2021,5,22,authorization,feat,19889,2021-05-17 06:26:58,2021-05-21 02:40:55,2021-05-21 09:31:53,2021-05-28 10:38:01,2021-05-31 01:56:38,100,2915,63,72,SBPRF-9377 edit permissions of role,"merge-me,update-me",true,true
4482,https://github.com/bizreach-inc/hrmony-prf/pull/4482,2021,5,20,,fix,977,2021-05-20 09:03:21,2021-05-20 09:08:04,2021-05-21 00:58:19,2021-05-21 00:58:19,2021-05-21 01:20:46,2,15,34,1,SBPRF-9497 auto rotated using exif,"merge-me,xem",false,true
4481,https://github.com/bizreach-inc/hrmony-prf/pull/4481,2021,5,20,authorization,fix,2789,2021-05-19 08:56:53,2021-05-19 09:02:07,2021-05-21 05:56:11,2021-05-21 05:57:50,2021-05-21 07:26:51,5,41,20,9,SBPRF-9248 fix search user with sign bug,"merge-me,update-me",true,true
4480,https://github.com/bizreach-inc/hrmony-prf/pull/4480,2021,5,21,goal,feat,18060,2021-05-14 10:52:45,2021-05-19 07:52:42,2021-05-20 01:08:49,2021-05-26 03:53:24,2021-05-26 23:53:32,53,868,130,15,SBPRF-9470 merge section score,,true,false
4479,https://github.com/bizreach-inc/hrmony-prf/pull/4479,2021,5,21,,chore,7201,2021-05-19 04:10:17,2021-05-19 04:16:20,2021-05-24 03:18:29,2021-05-24 03:18:29,2021-05-24 04:12:16,2,45,0,1,SBPRF-9486 Add reviewer write permission into sample data,merge-me,true,true
4476,https://github.com/bizreach-inc/hrmony-prf/pull/4476,2021,5,20,authorization,fix,2494,2021-05-17 07:40:31,2021-05-17 07:42:11,2021-05-18 07:02:41,2021-05-18 07:02:41,2021-05-19 01:14:44,6,53,9,3,SBRPF-9232: fix display problem in member page of authorization,merge-me,true,true
4475,https://github.com/bizreach-inc/hrmony-prf/pull/4475,2021,5,20,authorization,feat,9660,2021-05-17 06:26:58,2021-05-17 06:28:46,2021-05-20 03:59:29,2021-05-23 23:27:29,2021-05-23 23:27:34,51,1730,47,65,SBPRF-8366: can add and change Role Groups,"merge-me,update-me",true,true
4473,https://github.com/bizreach-inc/hrmony-prf/pull/4473,2021,5,19,goal,fix,206,2021-05-14 06:01:18,2021-05-14 08:34:18,2021-05-14 09:21:06,2021-05-14 09:21:06,2021-05-14 09:27:50,4,59,28,24,SBPRF-9110 Fix review comments part 2.,merge-me,true,false
4472,https://github.com/bizreach-inc/hrmony-prf/pull/4472,2021,5,21,goal,feat,18419,2021-05-14 05:09:47,2021-05-14 05:10:19,2021-05-18 09:32:10,2021-05-26 07:00:37,2021-05-27 00:09:36,16,1246,167,23,SBPRF-9390 fetch settings,merge-me,true,true
4471,https://github.com/bizreach-inc/hrmony-prf/pull/4471,2021,5,20,goal,feat,5704,2021-05-13 11:28:10,2021-05-13 11:29:34,2021-05-17 09:47:10,2021-05-17 09:47:10,2021-05-17 10:32:37,4,51,11,7,SBPRF-8986  FE disclose section base on settings,merge-me,true,false
4470,https://github.com/bizreach-inc/hrmony-prf/pull/4470,2021,5,20,authorization,feat,31438,2021-04-27 10:07:17,2021-05-13 09:01:32,2021-05-17 01:39:40,2021-05-18 05:12:19,2021-05-19 06:06:07,99,933,73,59,SBPRF-8365 Authorization for every module,merge-me,true,true
4469,https://github.com/bizreach-inc/hrmony-prf/pull/4469,2021,5,20,1on1,feat,10650,2021-05-10 01:14:50,2021-05-12 11:08:02,2021-05-17 04:11:54,2021-05-17 10:04:57,2021-05-17 10:44:58,15,590,134,33,SBPRF-8877 Cancellation no longer available events on Google Calendar,merge-me,true,true
4468,https://github.com/bizreach-inc/hrmony-prf/pull/4468,2021,5,20,goal,fix,7125,2021-05-12 09:00:16,2021-05-12 09:06:28,2021-05-13 08:38:58,2021-05-17 07:25:55,2021-05-17 07:45:35,6,100,38,3,SBPRF-8985 Do not show disclosure setting if a reviewer has no write permission,merge-me,true,false
4467,https://github.com/bizreach-inc/hrmony-prf/pull/4467,2021,5,19,goal,feat,317,2021-05-12 04:56:28,2021-05-12 07:45:23,2021-05-12 10:08:26,2021-05-12 10:12:59,2021-05-12 10:13:31,8,65,16,12,SBPRF-8986  [FE] disclose section base on settings,merge-me,true,false
4466,https://github.com/bizreach-inc/hrmony-prf/pull/4466,2021,5,21,goal,feat,83487,2021-03-30 09:55:30,2021-05-11 09:03:04,2021-05-27 08:56:07,2021-05-27 08:56:07,2021-05-27 09:23:02,40,483,228,28,"SBPRF-9649 delivery ""user status on member reviewer table""",merge-me,true,true
4465,https://github.com/bizreach-inc/hrmony-prf/pull/4465,2021,5,19,goal,feat,3010,2021-05-11 08:21:26,2021-05-11 08:40:06,2021-05-13 08:30:59,2021-05-13 08:30:59,2021-05-13 10:31:54,2,21,0,1,SBPRF-9113 Migration disclosed settings,"db-migration,merge-me",true,false
4464,https://github.com/bizreach-inc/hrmony-prf/pull/4464,2021,5,19,goal,revert,16,2021-05-11 07:38:51,2021-05-11 07:39:56,2021-05-11 07:40:37,2021-05-11 07:40:37,2021-05-11 07:55:12,1,229,483,28,SBPRF-8776 revert,merge-me,true,true
4463,https://github.com/bizreach-inc/hrmony-prf/pull/4463,2021,5,19,survey,fix,294,2021-05-11 01:49:55,2021-05-11 01:55:10,2021-05-11 05:37:47,2021-05-11 05:37:47,2021-05-11 06:44:49,2,40,14,2,SBPRF-9344 delete sentiments with comment,merge-me,true,true
4462,https://github.com/bizreach-inc/hrmony-prf/pull/4462,2021,5,19,1on1,fix,2840,2021-05-10 09:54:14,2021-05-10 10:25:44,2021-05-11 09:02:38,2021-05-11 09:02:38,2021-05-12 09:15:13,5,52,15,10,SBPRF-9115 fix report core team code,merge-me,true,true
4461,https://github.com/bizreach-inc/hrmony-prf/pull/4461,2021,5,21,1on1,feat,50570,2021-04-20 06:06:36,2021-05-10 09:31:39,2021-05-19 11:59:02,2021-05-24 09:02:23,2021-05-25 08:57:11,46,1540,208,47,SBPRF-8554 [BE] 1on1 minimum search.,merge-me,true,false
4460,https://github.com/bizreach-inc/hrmony-prf/pull/4460,2021,5,20,goal,chore,11522,2021-05-10 08:18:16,2021-05-10 08:25:32,2021-05-12 04:29:46,2021-05-12 04:29:46,2021-05-18 08:21:01,4,42,11,1,SBPRF-9225 Correct sample data,"merge-me,xem",false,true
4459,https://github.com/bizreach-inc/hrmony-prf/pull/4459,2021,5,19,authorization,fix,46,2021-05-10 08:04:43,2021-05-10 08:07:03,2021-05-10 08:17:40,2021-05-10 08:17:40,2021-05-10 08:51:17,1,1,1,1,SBPRF-9334: Fix sorting problem of view all member,merge-me,true,true
4458,https://github.com/bizreach-inc/hrmony-prf/pull/4458,2021,5,20,goal,fix,25940,2021-04-30 05:15:38,2021-05-10 05:31:53,2021-05-11 04:49:30,2021-05-14 10:01:05,2021-05-18 05:35:39,15,108,2,6,SBPRF-8632 add circular validation logic,,true,false
4457,https://github.com/bizreach-inc/hrmony-prf/pull/4457,2021,5,19,pulse,fix,55,2021-05-10 02:07:37,2021-05-10 02:09:27,2021-05-10 02:24:04,2021-05-10 02:24:04,2021-05-10 03:02:39,1,29,7,1,SBPRF-9308 fix_bug_some_manager_cannot_view_pulse_report,merge-me,true,true
4456,https://github.com/bizreach-inc/hrmony-prf/pull/4456,2021,5,20,1on1,fix,19974,2021-05-07 04:48:36,2021-05-07 07:41:00,2021-05-11 04:31:42,2021-05-11 08:45:13,2021-05-21 01:43:09,19,115,46,33,SBPRF-9110  fix review comments,merge-me,true,false
4455,https://github.com/bizreach-inc/hrmony-prf/pull/4455,2021,5,20,goal,feat,28549,2021-04-28 08:59:11,2021-05-06 10:09:43,2021-05-10 06:56:36,2021-05-12 04:13:20,2021-05-18 04:48:53,21,1064,651,18,SBPRF-8770 Add calculation functions (BE),,true,false
4454,https://github.com/bizreach-inc/hrmony-prf/pull/4454,2021,5,21,1on1,feat,56653,2021-04-19 01:29:11,2021-04-30 08:40:08,2021-05-28 09:33:32,2021-05-28 09:33:32,2021-05-28 09:42:36,16,1810,41,45,SBPRF-8554  1on1 minimum search,"merge-me,update-me",true,true
4453,https://github.com/bizreach-inc/hrmony-prf/pull/4453,2021,5,18,1on1,fix,8429,2021-04-30 08:33:22,2021-04-30 08:35:04,2021-05-06 02:51:04,2021-05-06 02:51:04,2021-05-06 05:03:20,2,5,1,2,SBPRF-7408 Fix images flash while polling in 1on1,merge-me,true,true
4452,https://github.com/bizreach-inc/hrmony-prf/pull/4452,2021,4,17,pulse,fix,48,2021-04-30 08:02:56,2021-04-30 08:07:36,2021-04-30 08:29:32,2021-04-30 08:29:32,2021-04-30 08:51:31,1,2,1,1,SBPRF-8912: fix login error through core when redirect from pulse page,merge-me,true,true
4451,https://github.com/bizreach-inc/hrmony-prf/pull/4451,2021,5,19,1on1,feat,18697,2021-04-27 01:33:22,2021-04-30 07:45:59,2021-04-30 09:18:54,2021-04-30 09:18:54,2021-05-10 01:11:09,5,296,22,18,SBPRF-4897 Improve: make it easy to skip condition,merge-me,true,true
4450,https://github.com/bizreach-inc/hrmony-prf/pull/4450,2021,5,18,1on1,fix,8562,2021-04-30 06:42:05,2021-04-30 06:43:27,2021-04-30 07:54:05,2021-04-30 07:54:05,2021-05-06 05:24:15,5,2,2,1,SBPRF-4848 Align 1on1 slack message,merge-me,true,true
4449,https://github.com/bizreach-inc/hrmony-prf/pull/4449,2021,5,19,goal,fix,16886,2021-04-30 05:15:38,2021-04-30 05:17:49,2021-05-06 05:07:00,2021-05-11 06:05:43,2021-05-11 22:42:26,6,51,16,6,SBPRF-8920 enable validation,,true,false
4448,https://github.com/bizreach-inc/hrmony-prf/pull/4448,2021,6,22,goal,feat,53318,2021-04-27 07:27:32,2021-04-28 08:48:55,2021-04-30 00:39:19,2021-04-30 00:39:19,2021-06-03 08:05:57,23,845,176,73,SBPRF-9110 Can sort objectives and measures.,"merge-me,update-me",true,true
4447,https://github.com/bizreach-inc/hrmony-prf/pull/4447,2021,5,21,goal,feat,76319,2021-04-01 23:21:34,2021-04-28 05:15:46,2021-04-28 09:26:00,2021-05-17 09:19:49,2021-05-24 23:21:02,116,1628,725,42,SBPRF-8772 add calculation function form,merge-me,true,true
4446,https://github.com/bizreach-inc/hrmony-prf/pull/4446,2021,5,18,1on1,feat,12327,2021-04-27 13:03:54,2021-04-28 02:26:37,2021-04-30 05:37:47,2021-04-30 05:53:37,2021-05-06 02:31:26,13,422,81,31,SBPRF-9112  Enhance items reordering UIUX,merge-me,true,false
4445,https://github.com/bizreach-inc/hrmony-prf/pull/4445,2021,5,19,authorization,feat,23976,2021-04-27 10:07:17,2021-04-27 10:08:16,2021-05-06 02:05:39,2021-05-13 04:01:39,2021-05-14 01:43:42,56,1891,291,70,SBPRF-8373 add AuthorizationSessionController,"db-migration,merge-me",true,true
4444,https://github.com/bizreach-inc/hrmony-prf/pull/4444,2021,4,17,goal,fix,150,2021-04-27 04:57:32,2021-04-27 05:10:11,2021-04-27 07:09:52,2021-04-27 07:09:52,2021-04-27 07:27:48,1,52,10,2,SBPRF-9207 Fix SectionDefSpecs,merge-me,true,false
4443,https://github.com/bizreach-inc/hrmony-prf/pull/4443,2021,4,17,,chore,2894,2021-04-26 07:57:42,2021-04-26 07:59:38,2021-04-27 11:20:08,2021-04-27 11:20:08,2021-04-28 08:11:54,10,120,78,11,SBPRF-9220 change core endpoint,"merge-me,update-me",true,true
4440,https://github.com/bizreach-inc/hrmony-prf/pull/4440,2021,4,17,1on1,fix,3032,2021-04-26 06:22:42,2021-04-26 06:26:15,2021-04-26 09:40:10,2021-04-27 07:25:10,2021-04-28 08:55:34,2,3,3,1,SBPRF-4837 Fix order of 1on1 upcoming message,merge-me,true,true
4439,https://github.com/bizreach-inc/hrmony-prf/pull/4439,2021,4,17,1on1,fix,2682,2021-04-26 06:10:12,2021-04-26 06:15:21,2021-04-27 07:27:12,2021-04-27 07:27:12,2021-04-28 02:52:26,3,2,2,1,SBPRF-8272 Fix to display the avatar image.,"merge-me,update-me",true,true
4437,https://github.com/bizreach-inc/hrmony-prf/pull/4437,2021,4,17,1on1,fix,6769,2021-04-23 08:14:14,2021-04-24 11:29:03,2021-04-26 01:07:30,2021-04-26 01:57:12,2021-04-28 01:04:09,4,80,19,8,SBPRF-9111 Fix: Incorrect org structure was shown in 1on1 team report,merge-me,true,true
4436,https://github.com/bizreach-inc/hrmony-prf/pull/4436,2021,4,17,survey,fix,4164,2021-04-23 08:32:42,2021-04-23 08:34:58,2021-04-23 10:12:10,2021-04-23 10:12:10,2021-04-26 05:56:54,2,13,37,3,SBPRF-9312 fix bad total tied to selection aggregate score,merge-me,true,true
4435,https://github.com/bizreach-inc/hrmony-prf/pull/4435,2021,4,17,goal,fix,4154,2021-04-23 08:06:17,2021-04-23 08:08:36,2021-04-23 08:55:04,2021-04-26 04:30:56,2021-04-26 05:20:38,5,23,10,5,SBPRF-9097 Fix review cannot be shown to admin,merge-me,true,false
4434,https://github.com/bizreach-inc/hrmony-prf/pull/4434,2021,4,16,goal,fix,150,2021-04-23 06:31:45,2021-04-23 06:59:02,2021-04-23 08:49:31,2021-04-23 08:49:31,2021-04-23 09:02:40,2,46,43,7,SBPRF-9102 Fix session show logic check,merge-me,true,false
4433,https://github.com/bizreach-inc/hrmony-prf/pull/4433,2021,4,16,goal,fix,373,2021-04-23 01:59:33,2021-04-23 04:08:37,2021-04-23 06:36:52,2021-04-23 07:17:47,2021-04-23 08:13:31,2,43,10,9,SBPRF-9101 Fix to display info to 0 step reviewer if not have permission,merge-me,true,false
4432,https://github.com/bizreach-inc/hrmony-prf/pull/4432,2021,4,17,authorization,feat,7538,2021-04-23 01:59:25,2021-04-23 02:08:35,2021-04-26 00:11:35,2021-04-27 09:10:44,2021-04-28 07:37:32,33,942,23,35,SBPRF-8903 set role to member,merge-me,true,true
4431,https://github.com/bizreach-inc/hrmony-prf/pull/4431,2021,4,16,authorization,hotfix,26,2021-04-21 11:40:59,2021-04-21 11:43:11,2021-04-21 11:45:59,2021-04-21 11:45:59,2021-04-21 12:07:58,1,9,3,1,SBPRF-8361-1 bind user query to batch,merge-me,true,true
4430,https://github.com/bizreach-inc/hrmony-prf/pull/4430,2021,5,18,goal,feat,24666,2021-04-19 04:50:18,2021-04-21 11:42:06,2021-04-30 05:49:23,2021-04-30 07:58:43,2021-05-06 07:57:11,23,266,61,11,SBPRF-8266 Review disclosed permission setting (FE),merge-me,true,false
4429,https://github.com/bizreach-inc/hrmony-prf/pull/4429,2021,4,16,pulse,fix,2555,2021-04-21 11:00:48,2021-04-21 11:03:57,2021-04-21 12:00:36,2021-04-22 09:08:25,2021-04-23 05:36:33,6,49,11,4,SBPRF-8988 Enhance tooltip with pulse and survey  ,"merge-me,update-me",true,true
4428,https://github.com/bizreach-inc/hrmony-prf/pull/4428,2021,4,16,,chore,63,2021-04-21 07:54:13,2021-04-21 08:03:02,2021-04-21 08:50:45,2021-04-21 08:50:45,2021-04-21 08:57:38,1,7,0,2,HESRE-1411: add hajime.koshiro user to sample data and application.conf,,true,true
4427,https://github.com/bizreach-inc/hrmony-prf/pull/4427,2021,5,20,goal,feat,37893,2021-04-21 03:14:04,2021-04-21 04:37:43,2021-04-21 06:52:47,2021-04-21 08:47:29,2021-05-17 10:47:57,13,177,43,15,SBPRF-8986 View the review of the section set by the reviewer,merge-me,true,false
4426,https://github.com/bizreach-inc/hrmony-prf/pull/4426,2021,4,16,pulse,fix,148,2021-04-20 08:42:51,2021-04-20 08:43:45,2021-04-20 10:48:02,2021-04-20 10:48:02,2021-04-20 11:11:24,3,172,166,15,SBPRF-8757-1: fix member-side chart and table data acquisition,merge-me,true,true
4425,https://github.com/bizreach-inc/hrmony-prf/pull/4425,2021,5,19,goal,feat,59029,2021-04-01 23:21:34,2021-04-20 08:22:37,2021-04-22 09:52:56,2021-05-11 06:02:51,2021-05-12 23:10:34,80,911,145,32,SBPRF-8771 add calculation setting to sheet page,merge-me,true,true
4424,https://github.com/bizreach-inc/hrmony-prf/pull/4424,2021,4,17,goal,feat,10140,2021-04-19 04:50:18,2021-04-20 01:29:29,2021-04-21 08:44:38,2021-04-21 11:20:46,2021-04-26 05:50:45,15,697,218,34,SBPRF-8985  [BE] Review Disclosed Settings,merge-me,true,false
4423,https://github.com/bizreach-inc/hrmony-prf/pull/4423,2021,4,16,goal,fix,58,2021-04-19 09:29:34,2021-04-19 09:30:56,2021-04-19 10:26:36,2021-04-19 10:26:36,2021-04-19 10:28:22,2,2,0,2,SBPRF-9098 fix section name in public goal,merge-me,true,true
4422,https://github.com/bizreach-inc/hrmony-prf/pull/4422,2021,4,16,pulse,fix,1132,2021-04-19 07:16:08,2021-04-19 07:21:01,2021-04-19 07:47:02,2021-04-19 07:49:56,2021-04-20 02:08:39,6,275,37,11,SBPRF-8904 manager sees wrong pulse,"db-migration,merge-me",true,true
4421,https://github.com/bizreach-inc/hrmony-prf/pull/4421,2021,4,16,authorization,feat,7545,2021-04-16 04:18:51,2021-04-16 04:20:08,2021-04-20 05:39:12,2021-04-21 02:28:41,2021-04-21 10:04:24,60,2056,128,56,SBPRF-8361 list group members,merge-me,true,true
4419,https://github.com/bizreach-inc/hrmony-prf/pull/4419,2021,4,16,,chore,4325,2021-04-16 03:32:15,2021-04-16 03:34:18,2021-04-16 06:06:45,2021-04-19 02:55:49,2021-04-19 03:37:37,2,1,1,1,SBPRF-9090 set 14GB (15GB-1GB) for pr-test-backend-ut,"merge-me,xem",false,true
4418,https://github.com/bizreach-inc/hrmony-prf/pull/4418,2021,4,15,,docs,99,2021-04-15 07:51:29,2021-04-15 07:57:30,2021-04-15 07:59:00,2021-04-15 08:50:50,2021-04-15 09:30:58,1,1,1,1,simplify local link in readme,"merge-me,xem",false,true
4417,https://github.com/bizreach-inc/hrmony-prf/pull/4417,2021,4,15,pulse,fix,145,2021-04-14 07:33:44,2021-04-14 07:37:44,2021-04-14 07:43:32,2021-04-14 07:43:32,2021-04-14 09:59:19,4,126,99,6,SBPRF-8881 remove notManager ng-template and add 404 if fetch is failed,merge-me,true,true
4416,https://github.com/bizreach-inc/hrmony-prf/pull/4416,2021,4,15,pulse,fix,157,2021-04-14 02:49:35,2021-04-14 03:08:01,2021-04-14 03:10:24,2021-04-14 03:10:24,2021-04-14 05:27:00,1,1,1,1,SBPRF-8896 Use user action instead of admin action in MemberAnswers,merge-me,true,true
4414,https://github.com/bizreach-inc/hrmony-prf/pull/4414,2021,6,22,goal,feat,104094,2021-03-23 03:13:24,2021-04-14 01:53:49,2021-06-03 10:01:45,2021-06-03 10:01:45,2021-06-03 10:07:45,74,1395,457,60,SBPRF-8266 Review Disclosed Setting by Sections,"db-migration,merge-me",true,true
4413,https://github.com/bizreach-inc/hrmony-prf/pull/4413,2021,4,15,pulse,fix,1516,2021-04-13 08:17:39,2021-04-13 08:24:19,2021-04-13 08:35:54,2021-04-14 08:16:41,2021-04-14 09:33:50,8,69,24,13,SBPRF-8247 show pulse sign when not submitted in 3 times or more,"merge-me,update-me",true,true
4412,https://github.com/bizreach-inc/hrmony-prf/pull/4412,2021,4,15,pulse,fix,4408,2021-04-13 07:01:01,2021-04-13 07:04:39,2021-04-13 08:08:03,2021-04-16 07:41:17,2021-04-16 08:29:24,9,218,91,11,SBPRF-8758: fix member answer bar chart,merge-me,true,true
4411,https://github.com/bizreach-inc/hrmony-prf/pull/4411,2021,4,16,goal,fix,12657,2021-04-13 06:40:36,2021-04-13 06:43:10,2021-04-14 04:40:32,2021-04-15 01:17:54,2021-04-22 01:38:28,6,270,153,18,SBPRF-8918 fix validation and remove Option,merge-me,true,false
4410,https://github.com/bizreach-inc/hrmony-prf/pull/4410,2021,5,19,goal,feat,60329,2021-03-30 09:55:30,2021-04-13 06:23:12,2021-04-21 04:15:34,2021-05-06 03:07:56,2021-05-11 07:24:57,38,483,229,28,SBPRF-8776 admin can classify disabled user on member reviewer table,merge-me,true,true
4408,https://github.com/bizreach-inc/hrmony-prf/pull/4408,2021,4,17,1on1,feat,30277,2021-04-09 08:01:02,2021-04-12 02:57:47,2021-04-13 07:27:28,2021-04-28 01:00:38,2021-04-30 08:38:23,14,428,4,17,SBPRF-8554  FE - 1on1 minimum search,merge-me,true,false
4407,https://github.com/bizreach-inc/hrmony-prf/pull/4407,2021,4,15,authorization,feat,1687,2021-04-12 01:05:48,2021-04-12 01:06:49,2021-04-12 01:36:26,2021-04-13 02:35:26,2021-04-13 05:13:27,25,1208,6,41,SBPRF-8360 list role groups,merge-me,true,true
4406,https://github.com/bizreach-inc/hrmony-prf/pull/4406,2021,4,15,1on1,perf,8980,2021-04-09 04:38:08,2021-04-09 04:58:05,2021-04-09 06:16:19,2021-04-09 06:41:22,2021-04-15 10:18:58,11,73,9,4,"SBPRF-8760 Fix ""find"" in oneonone repository",merge-me,true,true
4405,https://github.com/bizreach-inc/hrmony-prf/pull/4405,2021,4,14,,feat,575,2021-04-09 01:05:09,2021-04-09 01:07:21,2021-04-09 01:45:58,2021-04-09 10:17:30,2021-04-09 10:41:03,12,340,16,13,SBPRF-8360 add authorization fundamentals,"db-migration,merge-me",true,true
4404,https://github.com/bizreach-inc/hrmony-prf/pull/4404,2021,4,17,goal,feat,28671,2021-04-08 07:56:13,2021-04-08 08:02:44,2021-04-21 05:56:32,2021-04-28 02:25:31,2021-04-28 05:47:40,30,1596,122,32,SBPRF-8630 Add calculation section to sheet (BE),merge-me,true,true
4403,https://github.com/bizreach-inc/hrmony-prf/pull/4403,2021,4,14,pulse,feat,118,2021-04-08 05:34:20,2021-04-08 06:38:04,2021-04-08 06:43:49,2021-04-08 06:43:49,2021-04-08 07:33:07,4,36,19,8,"SBPRF-8827 Add pulse icon in side menu bar, and change distribution graph to normalized style",merge-me,true,true
4402,https://github.com/bizreach-inc/hrmony-prf/pull/4402,2021,4,14,1on1,hotfix,22,2021-04-07 09:28:18,2021-04-07 09:31:01,2021-04-07 09:50:22,2021-04-07 09:50:22,2021-04-07 09:51:07,1,16,0,4,SBPRF-8146 Add review queue to API conf as ReviewQueueProvider shared to admin api,merge-me,true,true
4400,https://github.com/bizreach-inc/hrmony-prf/pull/4400,2021,4,14,goal,feat,961,2021-04-07 09:19:22,2021-04-07 09:25:43,2021-04-07 11:05:02,2021-04-07 11:05:02,2021-04-08 01:20:23,1,30,0,3,SBPRF-8606 Can display an information if reviewers don't have reviewer write permissions.,merge-me,true,false
4398,https://github.com/bizreach-inc/hrmony-prf/pull/4398,2021,4,15,goal,feat,15843,2021-04-01 23:21:34,2021-04-07 06:21:57,2021-04-07 08:52:40,2021-04-08 02:51:06,2021-04-12 23:25:13,24,738,56,34,SBPRF-8768 add calculation section,merge-me,true,true
4397,https://github.com/bizreach-inc/hrmony-prf/pull/4397,2021,4,14,pulse,fix,1316,2021-04-07 04:50:46,2021-04-07 04:53:57,2021-04-07 06:17:53,2021-04-08 02:20:27,2021-04-08 02:47:18,6,79,31,16,SBPRF-8277: fix disappear avatar,"merge-me,update-me",true,true
4396,https://github.com/bizreach-inc/hrmony-prf/pull/4396,2021,4,14,pulse,fix,2621,2021-04-06 09:28:39,2021-04-07 04:52:33,2021-04-07 05:05:52,2021-04-07 08:36:26,2021-04-08 05:10:25,18,393,13,8,"SBPRF-8607 JOUSHI in CSV file should not be equal to manager name, and fix submitted_at TimeZone",merge-me,true,true
4394,https://github.com/bizreach-inc/hrmony-prf/pull/4394,2021,4,14,,chore,16,2021-04-06 02:48:03,2021-04-06 02:49:53,2021-04-06 02:53:14,2021-04-06 02:53:14,2021-04-06 03:04:22,1,6,2,1,SBPRF-8891 Add perf command: db migrate,"merge-me,xem",false,true
4393,https://github.com/bizreach-inc/hrmony-prf/pull/4393,2021,4,16,goal,feat,28950,2021-04-01 23:21:34,2021-04-05 12:12:21,2021-04-06 09:33:36,2021-04-22 00:41:27,2021-04-22 01:52:28,51,703,207,42,SBPRF-8769 admin can create calc section,merge-me,true,true
4392,https://github.com/bizreach-inc/hrmony-prf/pull/4392,2021,4,14,goal,feat,1097,2021-04-05 09:42:25,2021-04-05 09:56:49,2021-04-06 01:50:18,2021-04-06 01:50:18,2021-04-06 04:00:01,2,89,0,1,SBPRF-8834 Prepare data migration.,"db-migration,merge-me",true,false
4391,https://github.com/bizreach-inc/hrmony-prf/pull/4391,2021,4,14,goal,feat,5244,2021-04-05 09:49:37,2021-04-05 09:53:02,2021-04-06 10:26:43,2021-04-07 04:36:23,2021-04-09 01:14:23,12,91,21,12,SBPRF-8604  fe reviewer review by assinged permission,merge-me,true,false
4390,https://github.com/bizreach-inc/hrmony-prf/pull/4390,2021,4,14,pulse,chore,2896,2021-04-05 06:10:43,2021-04-05 06:12:53,2021-04-05 08:32:54,2021-04-06 01:03:42,2021-04-07 06:27:39,7,50,10,4,SBPRF-8733: Amend question and choice of pulse,"merge-me,update-me",true,true
4389,https://github.com/bizreach-inc/hrmony-prf/pull/4389,2021,4,14,goal,fix,54,2021-04-05 05:09:08,2021-04-05 05:11:17,2021-04-05 05:19:32,2021-04-05 05:19:32,2021-04-05 06:03:54,1,0,1,1,SBPRF-8267: Fix: An error was occurred when creating auto-calc sheet,merge-me,true,false
4388,https://github.com/bizreach-inc/hrmony-prf/pull/4388,2021,4,14,,chore,8780,2021-04-03 06:27:50,2021-04-03 06:40:40,2021-04-09 06:39:11,2021-04-09 06:39:11,2021-04-09 08:48:35,5,6,2,2,SBPRF-8869 Write creation info to dynamodb after build has been finished,"merge-me,xem",false,true
4387,https://github.com/bizreach-inc/hrmony-prf/pull/4387,2021,4,17,1on1,docs,37500,2021-04-02 08:25:33,2021-04-02 08:31:40,2021-04-07 08:31:18,2021-04-09 06:42:52,2021-04-28 09:25:46,3,1081,643,2,SBPRF-6120 Update 1on1 Admin REST API document,merge-me,true,true
4386,https://github.com/bizreach-inc/hrmony-prf/pull/4386,2021,4,13,goal,fix,26,2021-04-02 07:40:34,2021-04-02 07:46:24,2021-04-02 07:52:50,2021-04-02 07:52:50,2021-04-02 08:07:25,1,7,84,2,SBPRF-8267 Fix: An error occurred when creating a sheet of document type,merge-me,true,false
4384,https://github.com/bizreach-inc/hrmony-prf/pull/4384,2021,4,14,survey,perf,3969,2021-04-02 05:53:16,2021-04-02 06:09:28,2021-04-02 06:13:32,2021-04-02 06:13:32,2021-04-05 00:02:26,3,38,5,2,SBPRF-8862 Reduce slow query for survey,"merge-me,update-me,xem",false,true
4382,https://github.com/bizreach-inc/hrmony-prf/pull/4382,2021,4,14,goal,feat,7512,2021-04-01 23:21:34,2021-04-01 23:22:40,2021-04-02 03:05:30,2021-04-06 01:55:56,2021-04-07 04:34:28,6,809,0,6,SBPRF-8629 create calculation tables,"db-migration,merge-me",true,true
4381,https://github.com/bizreach-inc/hrmony-prf/pull/4381,2021,3,13,pulse,test,31,2021-03-31 07:36:16,2021-03-31 07:40:45,2021-03-31 08:07:14,2021-03-31 08:07:14,2021-03-31 08:07:31,1,10,13,1,SBPRF-8774 fix currentDateTime dependent UT,merge-me,true,true
4380,https://github.com/bizreach-inc/hrmony-prf/pull/4380,2021,4,15,goal,feat,17305,2021-03-31 01:16:32,2021-03-31 01:17:41,2021-04-05 05:37:56,2021-04-05 10:08:45,2021-04-12 01:41:32,13,331,163,21,SBPRF-8267 Can write to sections with write permissions,merge-me,true,false
4379,https://github.com/bizreach-inc/hrmony-prf/pull/4379,2021,4,16,goal,feat,30252,2021-03-30 09:55:30,2021-03-30 11:00:52,2021-04-02 08:01:42,2021-04-15 05:10:25,2021-04-20 10:07:56,24,155,72,11,SBPRF-7941 Specify disabled employees ,merge-me,true,true
4378,https://github.com/bizreach-inc/hrmony-prf/pull/4378,2021,3,13,goal,feat,1462,2021-03-30 07:12:38,2021-03-30 09:26:23,2021-03-31 05:59:54,2021-03-31 07:30:18,2021-03-31 07:35:32,7,166,39,8,SBPRF-8267 Change the implementation of find and list and delete.,,true,false
4376,https://github.com/bizreach-inc/hrmony-prf/pull/4376,2021,3,13,goal,docs,84,2021-03-30 05:33:49,2021-03-30 05:37:45,2021-03-30 06:56:15,2021-03-30 06:56:15,2021-03-30 06:58:01,2,24,13,1,SBPRF-8267 Update OAS: ReviewerWritePermissions must be in reviewDefinition,merge-me,true,false
4375,https://github.com/bizreach-inc/hrmony-prf/pull/4375,2021,4,13,pulse,feat,2865,2021-03-30 02:54:54,2021-03-30 02:58:23,2021-03-31 06:35:51,2021-04-01 02:24:28,2021-04-01 02:40:13,114,5159,259,99,SBPRF-6723: Manager can view member result in detail,"merge-me,update-me",true,true
4374,https://github.com/bizreach-inc/hrmony-prf/pull/4374,2021,3,13,goal,feat,5871,2021-03-26 07:24:26,2021-03-29 10:27:06,2021-03-30 05:41:06,2021-03-30 06:37:50,2021-03-30 09:15:52,8,339,32,16,SBPRF-8267 [BE] Change updating implements and creating implements.,,true,false
4373,https://github.com/bizreach-inc/hrmony-prf/pull/4373,2021,4,14,1on1,fix,17365,2021-03-26 07:28:48,2021-03-29 07:32:11,2021-03-31 09:40:58,2021-04-02 08:16:49,2021-04-07 08:54:14,33,2932,902,60,SBPRF-8146  queue to send slack message,merge-me,true,true
4372,https://github.com/bizreach-inc/hrmony-prf/pull/4372,2021,3,13,goal,feat,942,2021-03-30 16:54:02,2021-03-26 07:22:50,2021-03-31 05:36:28,2021-03-31 05:36:28,2021-03-31 08:36:34,2,255,4,12,SBPRF-8267 UI: Can grant reviewers the reviewer write permission for each section,,true,false
4371,https://github.com/bizreach-inc/hrmony-prf/pull/4371,2021,3,13,pulse,fix,4081,2021-03-26 06:23:15,2021-03-26 06:27:02,2021-03-26 08:47:33,2021-03-26 08:47:33,2021-03-29 02:25:11,3,130,144,21,SBPRF-8658 fix pulse list bug for manager,merge-me,true,true
4370,https://github.com/bizreach-inc/hrmony-prf/pull/4370,2021,3,13,pulse,feat,6006,2021-03-26 01:55:53,2021-03-26 01:58:07,2021-03-26 09:18:07,2021-03-30 02:07:43,2021-03-30 06:01:53,82,4507,77,94,SBPRF-6720: Manager can view team result  in detail,merge-me,true,true
4369,https://github.com/bizreach-inc/hrmony-prf/pull/4369,2021,3,12,1on1,feat,1887,2021-03-24 01:54:37,2021-03-24 01:57:54,2021-03-24 06:11:52,2021-03-24 07:57:58,2021-03-25 09:22:18,3,3,48,6,SBPRF-8440 Enabling CSV export in the production environment.,"merge-me,update-me",true,true
4367,https://github.com/bizreach-inc/hrmony-prf/pull/4367,2021,5,19,goal,feat,73910,2021-03-23 03:13:24,2021-03-23 03:19:45,2021-04-03 02:29:28,2021-04-03 02:29:28,2021-05-13 11:03:42,45,1428,423,66,SBPRF-8267 Can limit the sections shown per reviewer.,"db-migration,merge-me,update-me",true,true
4366,https://github.com/bizreach-inc/hrmony-prf/pull/4366,2021,3,12,goal,fix,2912,2021-03-23 02:51:19,2021-03-23 02:55:18,2021-03-24 06:48:24,2021-03-25 02:29:29,2021-03-25 03:23:24,4,8,0,2,SBPRF-8162 fix table line apppearance,merge-me,true,true
4365,https://github.com/bizreach-inc/hrmony-prf/pull/4365,2021,3,12,1on1,fix,5665,2021-03-22 10:47:15,2021-03-22 10:48:04,2021-03-23 08:42:45,2021-03-26 09:07:37,2021-03-26 09:12:18,6,92,16,3,SBPRF-7223 Do not remove theme for manual create 1on1 after rearrange,merge-me,true,true
4364,https://github.com/bizreach-inc/hrmony-prf/pull/4364,2021,4,16,goal,feat,72140,2021-03-03 02:35:22,2021-03-22 07:41:39,2021-03-29 05:12:22,2021-04-06 03:51:37,2021-04-22 04:55:45,26,548,507,18,SBPRF-8131 add difficulty column to csv,merge-me,true,true
4362,https://github.com/bizreach-inc/hrmony-prf/pull/4362,2021,3,12,goal,feat,8263,2021-03-19 10:02:36,2021-03-19 10:04:28,2021-03-24 06:54:21,2021-03-24 09:09:43,2021-03-25 03:46:01,6,167,18,14,SBPRF-7939 show sheet assigned periods on admin,merge-me,true,true
4361,https://github.com/bizreach-inc/hrmony-prf/pull/4361,2021,3,12,1on1,fix,5761,2021-03-19 08:19:03,2021-03-19 08:32:01,2021-03-22 09:45:35,2021-03-22 09:45:35,2021-03-23 08:20:39,4,93,18,11,SBPRF-8427 Fix external team id of 1on1 report,"merge-me,update-me",true,true
4360,https://github.com/bizreach-inc/hrmony-prf/pull/4360,2021,3,12,pulse,feat,14630,2021-03-16 05:44:09,2021-03-19 02:05:27,2021-03-23 07:31:19,2021-03-26 08:58:29,2021-03-26 09:34:46,96,2400,193,64,SBPRF-8271: Manager can view team result summary,merge-me,true,true
4359,https://github.com/bizreach-inc/hrmony-prf/pull/4359,2021,3,11,,chore,24,2021-03-17 09:41:17,2021-03-17 09:43:23,2021-03-17 09:46:10,2021-03-17 09:46:10,2021-03-17 10:05:41,1,13,37,1,SBPRF-2869 Fix: specify parameter store keys for batch,merge-me,true,true
4357,https://github.com/bizreach-inc/hrmony-prf/pull/4357,2021,3,11,,chore,17307,2021-03-05 00:57:32,2021-03-17 01:11:17,2021-03-17 01:17:55,2021-03-17 01:17:55,2021-03-17 01:24:42,7,11,17,1,SBPRF-2869 Fix entrypoint script of batch server,merge-me,true,true
4355,https://github.com/bizreach-inc/hrmony-prf/pull/4355,2021,3,11,goal,fix,199,2021-03-16 07:17:29,2021-03-16 07:56:49,2021-03-16 09:18:05,2021-03-16 10:33:52,2021-03-16 10:36:30,4,21,8,11,SBPRF-7699 Autolink goal and review,merge-me,true,true
4354,https://github.com/bizreach-inc/hrmony-prf/pull/4354,2021,3,11,1on1,fix,185,2021-03-16 06:02:49,2021-03-16 06:08:07,2021-03-16 07:00:36,2021-03-16 07:00:36,2021-03-16 09:08:45,3,6,2,2,SBPRF-7936 Fix user cannot be searched with plus sign in email,merge-me,true,true
4353,https://github.com/bizreach-inc/hrmony-prf/pull/4353,2021,3,11,1on1,feat,2669,2021-03-16 05:34:59,2021-03-16 05:49:21,2021-03-16 10:29:29,2021-03-17 09:09:53,2021-03-18 02:04:09,8,60,40,2,SBPRF-8252 Get users who notifications will be send in a low-load way.,"merge-me,update-me",true,true
4352,https://github.com/bizreach-inc/hrmony-prf/pull/4352,2021,3,12,pulse,feat,10079,2021-03-16 05:44:09,2021-03-16 05:46:41,2021-03-18 09:02:40,2021-03-23 05:40:28,2021-03-23 05:43:41,60,3190,7,63,SBPRF-6719 pulses index for manager,merge-me,true,true
4351,https://github.com/bizreach-inc/hrmony-prf/pull/4351,2021,4,13,goal,refactor,23981,2021-03-15 10:35:23,2021-03-16 01:38:35,2021-03-28 23:53:20,2021-03-31 22:51:08,2021-04-01 02:16:50,17,400,635,33,SBPRF-6812 Add sectionType to section,merge-me,true,true
4350,https://github.com/bizreach-inc/hrmony-prf/pull/4350,2021,3,11,goal,fix,2688,2021-03-15 10:10:11,2021-03-15 10:13:58,2021-03-16 04:58:39,2021-03-17 03:00:55,2021-03-17 06:58:34,6,26,2,4,SBPRF-7828 fix number input,"merge-me,update-me",true,true
4349,https://github.com/bizreach-inc/hrmony-prf/pull/4349,2021,3,11,,refactor,1260,2021-03-15 09:21:29,2021-03-15 09:25:32,2021-03-15 09:56:47,2021-03-16 05:09:57,2021-03-16 06:22:09,1,7,7,2,SBPRF-8390 update polyphony 4.15.3,merge-me,true,true
4348,https://github.com/bizreach-inc/hrmony-prf/pull/4348,2021,3,11,goal,feat,2949,2021-03-15 03:02:11,2021-03-15 03:12:40,2021-03-16 03:42:39,2021-03-17 00:37:11,2021-03-17 04:12:01,5,102,13,3,SBPRF-7942 can filter reviewer disclosure permission list,merge-me,true,true
4346,https://github.com/bizreach-inc/hrmony-prf/pull/4346,2021,3,11,pulse,feat,7493,2021-03-12 01:16:45,2021-03-12 01:18:36,2021-03-15 10:10:35,2021-03-16 09:37:48,2021-03-17 06:10:30,64,2363,74,54,SBPRF-6718 pulse csv export,merge-me,true,true
4345,https://github.com/bizreach-inc/hrmony-prf/pull/4345,2021,3,10,1on1,refactor,1508,2021-03-09 07:59:29,2021-03-10 05:47:46,2021-03-10 06:11:01,2021-03-10 07:15:19,2021-03-10 09:07:49,5,17,4,4,SBPRF-6403 Arrange info logs when oauth2token is deleted.,"merge-me,update-me",true,true
4344,https://github.com/bizreach-inc/hrmony-prf/pull/4344,2021,3,10,1on1,fix,386,2021-03-10 01:55:44,2021-03-10 04:36:09,2021-03-10 07:03:36,2021-03-10 07:03:36,2021-03-10 08:22:01,2,10,2,2,SBPRF-5766 Fix info for overview report,"merge-me,update-me",true,true
4342,https://github.com/bizreach-inc/hrmony-prf/pull/4342,2021,3,10,1on1,fix,1358,2021-03-09 09:16:14,2021-03-09 09:19:28,2021-03-09 09:46:05,2021-03-09 10:21:33,2021-03-10 07:54:50,3,194,14,5,SBPRF-7166 Can search by full name,merge-me,true,true
4340,https://github.com/bizreach-inc/hrmony-prf/pull/4340,2021,3,10,1on1,fix,1407,2021-03-09 05:55:57,2021-03-09 06:42:27,2021-03-10 00:43:52,2021-03-10 00:43:52,2021-03-10 05:23:43,5,102,9,5,SBPRF-7073  Fix 1on user search criteria,merge-me,true,false
4338,https://github.com/bizreach-inc/hrmony-prf/pull/4338,2021,3,10,pulse,feat,19775,2021-02-26 08:55:45,2021-03-09 05:09:49,2021-03-09 09:03:20,2021-03-11 02:19:33,2021-03-12 02:30:55,273,1325,228,34,SBPRF-6724 add member answer bar chart,merge-me,true,true
4337,https://github.com/bizreach-inc/hrmony-prf/pull/4337,2021,3,10,goal,fix,4329,2021-03-09 01:44:42,2021-03-09 01:53:54,2021-03-11 07:23:59,2021-03-11 07:23:59,2021-03-12 01:53:48,3,15,1,2,SBPRF-8148 Fix destroyer,merge-me,true,true
4336,https://github.com/bizreach-inc/hrmony-prf/pull/4336,2021,3,10,1on1,fix,899,2021-03-08 09:47:12,2021-03-08 09:51:25,2021-03-08 10:18:05,2021-03-08 11:04:08,2021-03-09 00:46:18,1,44,0,2,SBPRF-7944 Fix cannot remove invalid token when occurred permission error,merge-me,true,true
4334,https://github.com/bizreach-inc/hrmony-prf/pull/4334,2021,3,10,1on1,fix,248,2021-03-08 06:01:18,2021-03-08 07:52:19,2021-03-08 10:07:09,2021-03-08 10:07:09,2021-03-08 10:09:47,3,57,47,3,SBPRF-7742 [FE] Can export report csv files.,merge-me,true,false
4333,https://github.com/bizreach-inc/hrmony-prf/pull/4333,2021,3,11,1on1,fix,9769,2021-03-08 07:23:27,2021-03-08 07:28:40,2021-03-15 01:12:04,2021-03-15 01:12:04,2021-03-15 02:12:46,4,1,1,1,SBPRF-7252 Update history URL after rerouted by query change on 1on1,"merge-me,update-me",true,true
4332,https://github.com/bizreach-inc/hrmony-prf/pull/4332,2021,3,10,goal,fix,4336,2021-03-08 05:10:41,2021-03-08 05:38:19,2021-03-09 07:46:50,2021-03-10 12:17:33,2021-03-11 05:27:05,9,93,234,6,SBPRF-8026 Fix leaking review error,merge-me,true,true
4331,https://github.com/bizreach-inc/hrmony-prf/pull/4331,2021,3,12,,fix,24108,2021-03-05 06:37:28,2021-03-07 23:11:11,2021-03-08 07:11:49,2021-03-09 08:16:27,2021-03-22 00:25:31,2,43,16,2,SBPRF-8240 fix application.conf for goal server,merge-me,true,true
4328,https://github.com/bizreach-inc/hrmony-prf/pull/4328,2021,3,10,,refactor,5330,2021-03-05 08:27:19,2021-03-05 08:57:37,2021-03-08 11:59:32,2021-03-08 11:59:32,2021-03-09 01:18:05,6,2,241,7,SBPRF-6267 remove invitation history,"db-migration,merge-me,xem",false,true
4327,https://github.com/bizreach-inc/hrmony-prf/pull/4327,2021,4,13,,refactor,40480,2021-03-05 06:47:29,2021-03-05 06:49:03,2021-04-02 07:03:21,2021-04-02 07:30:26,2021-04-02 09:28:07,17,1943,2000,288,SBPRF-8235 Unify usage of common test patterns,"merge-me,xem",false,true
4326,https://github.com/bizreach-inc/hrmony-prf/pull/4326,2021,3,11,org,chore,17496,2021-03-05 02:56:23,2021-03-05 03:01:29,2021-03-17 02:21:32,2021-03-17 02:21:32,2021-03-17 06:32:36,22,14,1,1,SBPRF-8236 Monitor destroyer's exception,"merge-me,xem",false,true
4325,https://github.com/bizreach-inc/hrmony-prf/pull/4325,2021,3,11,,chore,17256,2021-03-05 00:57:32,2021-03-05 01:01:31,2021-03-16 01:46:49,2021-03-16 01:46:49,2021-03-17 00:33:34,6,225,38,4,SBPRF-2869 ECS get parameters and secrets directly,"merge-me,xem",false,true
4324,https://github.com/bizreach-inc/hrmony-prf/pull/4324,2021,3,9,1on1,feat,1578,2021-03-02 06:48:50,2021-03-03 09:02:49,2021-03-03 09:05:55,2021-03-03 09:06:34,2021-03-03 09:07:03,12,377,77,14,SBPRF-7742  be can export team report csv,merge-me,true,false
4323,https://github.com/bizreach-inc/hrmony-prf/pull/4323,2021,3,9,,chore,40,2021-03-03 08:41:44,2021-03-03 08:49:09,2021-03-03 09:05:16,2021-03-03 09:14:10,2021-03-03 09:22:36,3,32,3,2,HESRE-946 Add new account to sample data and application.conf (ex-sre and jo),"merge-me,update-me",true,true
4322,https://github.com/bizreach-inc/hrmony-prf/pull/4322,2021,3,10,pulse,feat,17740,2021-02-26 02:42:26,2021-03-03 07:45:29,2021-03-09 08:40:24,2021-03-10 01:13:37,2021-03-10 10:23:07,235,3897,695,60,SBPRF-6717 member answers table,merge-me,true,true
4321,https://github.com/bizreach-inc/hrmony-prf/pull/4321,2021,3,9,1on1,feat,351,2021-03-03 02:25:17,2021-03-03 06:38:07,2021-03-03 08:12:43,,2021-03-03 08:16:45,4,179,74,8,SBPRF-8052  Check existence of team summary in certain months,merge-me,true,false
4319,https://github.com/bizreach-inc/hrmony-prf/pull/4319,2021,3,11,goal,feat,21262,2021-03-02 12:49:38,2021-03-02 12:56:57,2021-03-03 10:45:35,2021-03-17 01:43:48,2021-03-17 07:12:00,20,288,240,42,SBPRF-6853 add sheet goal empty state,"merge-me,update-me",true,true
4318,https://github.com/bizreach-inc/hrmony-prf/pull/4318,2021,3,9,1on1,feat,1376,2021-03-02 10:02:43,2021-03-02 10:03:14,2021-03-03 08:58:36,2021-03-03 08:58:36,2021-03-03 08:59:33,3,466,24,15,SBPRF-7742 [FE] Can export 1on1 report csv file.,merge-me,true,false
4317,https://github.com/bizreach-inc/hrmony-prf/pull/4317,2021,3,9,1on1,feat,1494,2021-03-02 08:01:18,2021-03-02 09:31:55,2021-03-03 08:21:27,2021-03-03 08:55:21,2021-03-03 08:55:58,4,377,77,14,SBPRF-8052 [BE] Check the output contents of corporate report,merge-me,true,false
4316,https://github.com/bizreach-inc/hrmony-prf/pull/4316,2021,3,9,1on1,feat,1123,2021-03-02 06:48:50,2021-03-02 06:49:38,2021-03-03 01:10:36,2021-03-03 01:10:36,2021-03-03 01:32:39,9,433,55,18,SBPRF-7742  Export 1on1 team report CSV,merge-me,true,false
4315,https://github.com/bizreach-inc/hrmony-prf/pull/4315,2021,3,9,goal,feat,14255,2021-02-26 01:56:24,2021-03-02 01:33:20,2021-03-02 09:45:06,2021-03-04 02:35:52,2021-03-07 23:32:12,9,124,85,4,SBPRF-6651 apply difficulty value to auto calculate section,merge-me,true,true
4314,https://github.com/bizreach-inc/hrmony-prf/pull/4314,2021,3,9,1on1,feat,1932,2021-03-02 00:57:13,2021-03-02 00:59:30,2021-03-03 04:27:38,2021-03-03 07:33:16,2021-03-03 09:10:12,5,1251,192,46,SBPRF-7742 [BE] Can export corporate report csv,merge-me,true,false
4313,https://github.com/bizreach-inc/hrmony-prf/pull/4313,2021,3,9,1on1,fix,390,2021-03-01 02:57:29,2021-03-01 03:10:23,2021-03-01 09:26:44,2021-03-01 09:26:44,2021-03-01 09:28:23,3,15,12,1,SBPRF-8045 Fix 1on1 destroyer cannot delete calendar events,merge-me,true,true
4312,https://github.com/bizreach-inc/hrmony-prf/pull/4312,2021,3,9,1on1,fix,329,2021-03-01 02:26:11,2021-03-01 02:33:40,2021-03-01 06:27:02,2021-03-01 07:12:10,2021-03-01 07:55:35,2,17,2,2,SBPRF-7615 Handle error when received null at finding a pair,merge-me,true,true
4311,https://github.com/bizreach-inc/hrmony-prf/pull/4311,2021,3,9,goal,feat,8525,2021-02-26 08:03:10,2021-02-26 09:56:27,2021-03-01 07:13:41,2021-03-04 03:32:18,2021-03-04 06:09:07,8,231,31,15,SBPRF-6653 (BE) Show periods sheet is assigned on sheet info page,merge-me,true,true
4309,https://github.com/bizreach-inc/hrmony-prf/pull/4309,2021,3,10,1on1,feat,17419,2021-02-26 07:02:34,2021-02-26 07:05:07,2021-03-08 10:02:28,2021-03-10 08:47:33,2021-03-10 09:21:48,35,2009,216,64,SBPRF-7742 Can export CSV of 1on1 report.,"merge-me,update-me",true,true
4308,https://github.com/bizreach-inc/hrmony-prf/pull/4308,2021,3,9,1on1,fix,4498,2021-02-26 04:14:50,2021-02-26 04:26:49,2021-03-01 06:20:32,2021-03-01 06:20:32,2021-03-01 07:13:39,2,34,14,3,SBPRF-8027 Prevent divide by zero,merge-me,true,true
4307,https://github.com/bizreach-inc/hrmony-prf/pull/4307,2021,3,9,goal,feat,6121,2021-02-26 03:59:31,2021-02-26 04:14:03,2021-02-26 09:12:24,2021-03-02 06:01:14,2021-03-02 10:00:58,3,6,39,4,SBPRF-8038 deliver epic SBPRF-6400 reviewer can disclosure review to member,merge-me,true,true
4306,https://github.com/bizreach-inc/hrmony-prf/pull/4306,2021,3,9,pulse,feat,9997,2021-02-26 02:42:26,2021-02-26 03:06:06,2021-02-26 04:49:58,2021-03-04 01:34:29,2021-03-05 01:19:31,131,4826,528,83,SBPRF-6716 show details and result of every members in team ,merge-me,true,true
4303,https://github.com/bizreach-inc/hrmony-prf/pull/4303,2021,3,9,goal,refactor,8873,2021-02-24 03:11:38,2021-02-24 08:22:15,2021-03-01 03:36:50,2021-03-02 06:02:08,2021-03-02 07:05:21,7,95,80,8,SBPRF-8029 Resolve reviews in 7511,merge-me,true,true
4302,https://github.com/bizreach-inc/hrmony-prf/pull/4302,2021,2,8,1on1,revert,107,2021-02-23 23:44:04,2021-02-23 23:46:17,2021-02-24 00:08:10,2021-02-24 00:08:10,2021-02-24 01:31:48,2,0,12,4,SBPRF-7927 Revert filter button at 1on1 report,"merge-me,update-me",true,true
4301,https://github.com/bizreach-inc/hrmony-prf/pull/4301,2021,2,8,1on1,refactor,2317,2021-02-22 10:40:52,2021-02-22 11:08:23,2021-02-24 01:02:15,2021-02-24 01:02:15,2021-02-24 01:17:59,2,6,1,1,SBPRF-7909 Prevent publish error log when corporate does not exist in CORE,merge-me,true,true
4300,https://github.com/bizreach-inc/hrmony-prf/pull/4300,2021,2,8,1on1,fix,2594,2021-02-22 09:38:26,2021-02-22 10:57:35,2021-02-24 01:03:04,2021-02-24 01:03:04,2021-02-24 04:52:56,5,36,24,2,SBPRF-7835 Fix conflict checking when updating notes,merge-me,true,true
4299,https://github.com/bizreach-inc/hrmony-prf/pull/4299,2021,2,8,pulse,hotfix,48,2021-02-22 07:31:28,2021-02-22 07:39:28,2021-02-22 08:03:13,2021-02-22 08:03:13,2021-02-22 08:19:35,2,2,1,2,SBPRF-6714: fix inverted pulse connection,merge-me,true,true
4298,https://github.com/bizreach-inc/hrmony-prf/pull/4298,2021,2,8,1on1,fix,503,2021-02-22 04:29:12,2021-02-22 04:55:58,2021-02-22 08:24:31,2021-02-22 12:50:15,2021-02-22 12:52:21,14,25,0,7,SBPRF-7927 Delete theme summaries for December and January.,"db-migration,merge-me,update-me",true,true
4297,https://github.com/bizreach-inc/hrmony-prf/pull/4297,2021,2,8,pulse,feat,9738,2021-02-19 10:42:50,2021-02-19 10:44:10,2021-02-24 07:39:36,2021-02-26 05:00:58,2021-02-26 05:01:29,57,2121,323,45,SBPRF-6715 add team summaries,merge-me,true,true
4296,https://github.com/bizreach-inc/hrmony-prf/pull/4296,2021,2,7,1on1,feat,289,2021-02-18 04:19:09,2021-02-18 04:27:02,2021-02-18 08:35:37,2021-02-18 08:35:37,2021-02-18 09:08:53,1,31,36,5,SBPRF-7955 Can delivery 5983 (skip todo).,"merge-me,update-me",true,true
4294,https://github.com/bizreach-inc/hrmony-prf/pull/4294,2021,2,7,1on1,fix,2838,2021-02-17 09:49:39,2021-02-17 11:11:44,2021-02-18 10:02:58,2021-02-19 07:44:56,2021-02-19 09:08:26,12,97,29,23,SBPRF-7919  show empty messsage when no theme summaries,merge-me,true,true
4293,https://github.com/bizreach-inc/hrmony-prf/pull/4293,2021,2,7,1on1,fix,2774,2021-02-17 09:47:45,2021-02-17 09:49:06,2021-02-19 02:50:44,2021-02-19 02:50:44,2021-02-19 08:01:49,5,15,15,2,SBPRF-7808 Fix a theme filter button UI.,"merge-me,update-me",true,true
4292,https://github.com/bizreach-inc/hrmony-prf/pull/4292,2021,4,13,goal,fix,64299,2021-02-16 08:15:13,2021-02-17 01:34:23,2021-03-30 03:56:58,2021-03-31 01:39:09,2021-04-01 23:55:12,8,132,30,9,SBPRF-3820 add required validation,merge-me,true,true
4291,https://github.com/bizreach-inc/hrmony-prf/pull/4291,2021,2,8,1on1,fix,11346,2021-02-16 10:14:17,2021-02-16 10:15:05,2021-02-24 06:03:39,2021-02-24 07:00:25,2021-02-24 07:20:35,10,51,26,3,SBPRF-7421 Fix to be able to display Goal in 1on1.,"merge-me,update-me",true,true
4290,https://github.com/bizreach-inc/hrmony-prf/pull/4290,2021,2,8,goal,feat,10161,2021-02-15 10:03:44,2021-02-16 06:26:29,2021-02-17 23:31:41,2021-02-22 07:45:18,2021-02-22 11:25:28,20,240,6,26,SBPRF-7511 Show disclosed review to member,merge-me,true,true
4289,https://github.com/bizreach-inc/hrmony-prf/pull/4289,2021,2,7,1on1,fix,1222,2021-02-16 05:52:02,2021-02-16 05:54:39,2021-02-17 01:35:40,2021-02-17 01:35:40,2021-02-17 02:14:13,4,17,0,1,SBPRF-7811 Fix private note UI.,"merge-me,update-me",true,true
4288,https://github.com/bizreach-inc/hrmony-prf/pull/4288,2021,2,7,goal,feat,3019,2021-02-16 00:53:25,2021-02-16 00:57:50,2021-02-17 03:10:32,2021-02-18 02:12:04,2021-02-18 03:13:01,11,65,23,18,SBPRF-7611 add difficulty tooltip,merge-me,true,true
4287,https://github.com/bizreach-inc/hrmony-prf/pull/4287,2021,2,7,,chore,1544,2021-02-16 00:10:07,2021-02-16 00:25:15,2021-02-17 01:43:32,2021-02-17 01:43:32,2021-02-17 01:54:27,2,5,0,2,HESRE-770 Add new account to sample data  and application.conf (yuki.kodama),merge-me,true,true
4286,https://github.com/bizreach-inc/hrmony-prf/pull/4286,2021,2,7,1on1,fix,39,2021-02-15 09:31:02,2021-02-15 09:33:45,2021-02-15 09:47:36,2021-02-15 09:47:36,2021-02-15 10:10:06,1,2,1,1,SBPRF-7914 Fix routing.,"merge-me,update-me",true,true
4285,https://github.com/bizreach-inc/hrmony-prf/pull/4285,2021,2,7,1on1,fix,2883,2021-02-15 08:21:40,2021-02-15 08:31:35,2021-02-16 02:53:02,2021-02-16 02:53:02,2021-02-17 08:25:18,7,49,24,2,SBPRF-7737 Theme applied 1on1 cannot update as hasContent with existing content,"db-migration,merge-me",true,true
4284,https://github.com/bizreach-inc/hrmony-prf/pull/4284,2021,2,7,,feat,1158,2021-02-15 07:26:47,2021-02-15 07:41:12,2021-02-15 08:41:49,2021-02-16 00:15:00,2021-02-16 02:45:11,3,8,4,5,SBPRF-7805 Change to not use deprecated polyphony component.,"merge-me,update-me",true,true
4283,https://github.com/bizreach-inc/hrmony-prf/pull/4283,2021,2,7,1on1,fix,2864,2021-02-15 07:16:43,2021-02-15 07:20:53,2021-02-16 09:41:47,2021-02-16 09:41:47,2021-02-17 07:00:57,2,2,3,1,SBPRF-7429 Fix conflict checking when updating private notes,merge-me,true,true
4282,https://github.com/bizreach-inc/hrmony-prf/pull/4282,2021,2,8,1on1,feat,10128,2021-02-15 06:20:52,2021-02-15 06:22:45,2021-02-15 08:16:45,2021-02-15 08:16:45,2021-02-22 07:09:13,4,2,601,9,SBPRF-7833 Delivery 1on1 report by theme.,"merge-me,update-me",true,true
4281,https://github.com/bizreach-inc/hrmony-prf/pull/4281,2021,2,7,1on1,fix,220,2021-02-15 01:36:49,2021-02-15 01:42:16,2021-02-15 04:18:58,2021-02-15 04:36:35,2021-02-15 05:17:00,4,6,4,2,SBPRF-7809 Fix 1on1 report headcount when no theme summaries data,merge-me,true,true
4280,https://github.com/bizreach-inc/hrmony-prf/pull/4280,2021,2,8,pulse,feat,14191,2021-02-12 10:00:05,2021-02-12 10:03:58,2021-02-12 10:15:15,2021-02-19 05:59:27,2021-02-22 06:31:43,73,3435,23,34,SBPRF6714 add answer history bar chart in report page,merge-me,true,true
4279,https://github.com/bizreach-inc/hrmony-prf/pull/4279,2021,2,7,1on1,fix,3996,2021-02-12 09:59:31,2021-02-12 10:02:42,2021-02-15 04:30:37,2021-02-15 04:30:37,2021-02-15 04:36:04,1,5,1,2,SBPRF-7803 Add max-height on mat-menu,merge-me,true,true
4278,https://github.com/bizreach-inc/hrmony-prf/pull/4278,2021,2,8,survey,fix,17276,2021-02-10 06:16:38,2021-02-10 06:19:03,2021-02-19 10:49:05,2021-02-22 00:06:59,2021-02-22 06:13:03,6,341,207,12,SBPRF-7807 remove deprecated polyphony component,merge-me,true,true
4277,https://github.com/bizreach-inc/hrmony-prf/pull/4277,2021,2,7,goal,feat,8646,2021-02-09 22:58:47,2021-02-09 23:24:20,2021-02-10 05:41:46,2021-02-10 06:58:14,2021-02-15 23:05:06,11,174,23,17,SBPRF-7745 get permission api,,true,false
4276,https://github.com/bizreach-inc/hrmony-prf/pull/4276,2021,2,6,goal,fix,999,2021-02-09 10:22:21,2021-02-09 10:35:41,2021-02-09 22:51:14,2021-02-10 01:01:16,2021-02-10 03:02:16,2,1,1,1,SBPRF-6955 fix score warn modal description,merge-me,true,true
4275,https://github.com/bizreach-inc/hrmony-prf/pull/4275,2021,2,6,goal,feat,1437,2021-02-09 10:07:43,2021-02-09 10:14:50,2021-02-10 02:51:02,2021-02-10 04:17:40,2021-02-10 10:05:12,4,25,1,3,SBPRF-7065 show info in admin disclosure permission modal,merge-me,true,true
4274,https://github.com/bizreach-inc/hrmony-prf/pull/4274,2021,2,6,1on1,fix,1684,2021-02-09 04:57:15,2021-02-09 05:02:17,2021-02-10 09:00:35,2021-02-10 09:00:35,2021-02-10 09:01:18,6,61,3,11,SBPRF-7724 Fix to avoid duplicate 1on1 themes.,"db-migration,merge-me,update-me",true,true
4273,https://github.com/bizreach-inc/hrmony-prf/pull/4273,2021,2,6,1on1,fix,1248,2021-02-09 04:33:37,2021-02-09 04:36:17,2021-02-09 10:21:53,2021-02-09 10:21:53,2021-02-10 01:22:14,2,9,9,3,SBPRF-7610 Fix opponent's todo disappear after be clicked,merge-me,true,true
4272,https://github.com/bizreach-inc/hrmony-prf/pull/4272,2021,2,6,1on1,fix,1739,2021-02-09 02:17:34,2021-02-09 02:38:02,2021-02-09 02:50:35,2021-02-09 03:59:15,2021-02-10 07:16:52,7,6,7,6,SBPRF-7602 Fix button text,merge-me,true,true
4271,https://github.com/bizreach-inc/hrmony-prf/pull/4271,2021,2,6,1on1,feat,898,2021-02-08 14:32:46,2021-02-09 01:18:30,2021-02-09 02:55:55,2021-02-09 05:04:52,2021-02-09 05:31:33,5,43,3,6,SBPRF-7724 Add validation on theme name,merge-me,true,false
4270,https://github.com/bizreach-inc/hrmony-prf/pull/4270,2021,2,6,1on1,fix,2532,2021-02-08 15:18:33,2021-02-09 01:13:15,2021-02-09 10:59:47,2021-02-10 08:46:28,2021-02-10 09:30:36,6,49,3,2,SBPRF-7525 Fetch active and inactive pairs separately,merge-me,true,true
4269,https://github.com/bizreach-inc/hrmony-prf/pull/4269,2021,2,6,1on1,fix,724,2021-02-08 14:48:54,2021-02-09 01:10:21,2021-02-09 02:07:51,2021-02-09 02:07:51,2021-02-09 02:53:14,2,8,3,2,SBPRF-7515 Fix error message position of theme name,merge-me,true,true
4268,https://github.com/bizreach-inc/hrmony-prf/pull/4268,2021,2,6,1on1,fix,1343,2021-02-08 06:33:29,2021-02-08 06:45:18,2021-02-08 07:14:12,2021-02-09 03:03:58,2021-02-09 04:57:16,3,18,0,5,SBPRF-7724 [BE] Fix to avoid duplicate 1on1 themes.,"db-migration,merge-me",true,false
4267,https://github.com/bizreach-inc/hrmony-prf/pull/4267,2021,2,6,survey,fix,1358,2021-02-08 06:42:00,2021-02-08 06:43:32,2021-02-09 01:01:18,2021-02-09 01:01:18,2021-02-09 05:20:40,15,1680,948,5,SBPRF-7613  show categories with only comments,merge-me,true,true
4266,https://github.com/bizreach-inc/hrmony-prf/pull/4266,2021,2,6,1on1,fix,141,2021-02-08 05:05:44,2021-02-08 05:11:51,2021-02-08 07:19:05,2021-02-08 07:19:05,2021-02-08 07:27:36,1,6,0,1,SBPRF-7711 Fix: Cannot search users when adding 1on1 in 1on1 details,merge-me,true,true
4265,https://github.com/bizreach-inc/hrmony-prf/pull/4265,2021,2,6,goal,fix,6993,2021-02-05 10:24:10,2021-02-08 03:36:17,2021-02-08 10:54:14,2021-02-10 04:15:06,2021-02-10 06:58:05,7,124,5,6,SBPRF-7643 Add missing validation when updating disclosure permission,merge-me,true,true
4264,https://github.com/bizreach-inc/hrmony-prf/pull/4264,2021,2,6,pulse,feat,5811,2021-02-08 01:29:25,2021-02-08 01:31:20,2021-02-10 15:08:37,2021-02-12 00:43:08,2021-02-12 02:21:22,50,2384,10,39,SBPRF-6713 add total response rate,merge-me,true,true
4263,https://github.com/bizreach-inc/hrmony-prf/pull/4263,2021,2,6,pulse,feat,3870,2021-02-05 08:37:34,2021-02-05 08:40:41,2021-02-05 09:50:25,2021-02-05 09:50:25,2021-02-08 01:07:50,3,6,0,2,SBPRF-7738 filter data not init on question/category page,merge-me,true,true
4262,https://github.com/bizreach-inc/hrmony-prf/pull/4262,2021,2,5,1on1,fix,199,2021-02-04 05:17:17,2021-02-04 07:09:19,2021-02-04 08:29:42,2021-02-04 08:29:42,2021-02-04 08:36:34,3,32,33,7,SBPRF-5983 Fix bugs after FB.,merge-me,true,false
4261,https://github.com/bizreach-inc/hrmony-prf/pull/4261,2021,2,5,survey,fix,1709,2021-02-04 04:41:43,2021-02-04 04:48:06,2021-02-04 09:16:48,2021-02-04 09:16:48,2021-02-05 09:11:09,6,139,67,5,SBPRF-7740 change answer record query services to use snapshot Id alternative to period Id,merge-me,true,true
4260,https://github.com/bizreach-inc/hrmony-prf/pull/4260,2021,2,5,,chore,15,2021-02-04 03:10:47,2021-02-04 03:12:28,2021-02-04 03:16:25,2021-02-04 03:16:25,2021-02-04 03:26:24,1,2,14,1,SBPRF-7739 Update users list for cleaning users batch,"merge-me,update-me",true,true
4259,https://github.com/bizreach-inc/hrmony-prf/pull/4259,2021,2,5,1on1,fix,1007,2021-02-03 10:54:39,2021-02-03 10:56:33,2021-02-03 11:12:56,2021-02-04 03:05:35,2021-02-04 03:41:45,7,12,30,5,SBPRF-7736 Remove unneccssary css,merge-me,true,true
4258,https://github.com/bizreach-inc/hrmony-prf/pull/4258,2021,2,5,survey,fix,918,2021-02-03 09:36:28,2021-02-03 09:47:28,2021-02-03 11:25:30,2021-02-03 11:25:30,2021-02-04 00:54:49,5,91,23,6,SBPRF-7626 delete absent correlation dot from enps graph,merge-me,true,true
4257,https://github.com/bizreach-inc/hrmony-prf/pull/4257,2021,2,5,1on1,feat,80,2021-02-03 08:58:44,2021-02-03 09:10:06,2021-02-03 09:57:46,2021-02-03 09:57:46,2021-02-03 10:18:49,5,239,13,18,SBPRF-5983 Can onboarding about new features.,merge-me,true,false
4256,https://github.com/bizreach-inc/hrmony-prf/pull/4256,2021,2,6,1on1,fix,9540,2021-02-03 09:00:04,2021-02-03 09:02:36,2021-02-03 09:23:48,2021-02-10 00:00:14,2021-02-10 00:00:52,6,32,1,2,SBPRF-7732 Fix destroyer,merge-me,true,true
4254,https://github.com/bizreach-inc/hrmony-prf/pull/4254,2021,2,5,survey,fix,45,2021-02-03 08:08:20,2021-02-03 08:13:56,2021-02-03 08:25:30,2021-02-03 08:32:56,2021-02-03 08:54:13,2,81,5,2,SBPRF-7626 fix 500 error in all member's answer of one question is same,merge-me,true,true
4253,https://github.com/bizreach-inc/hrmony-prf/pull/4253,2021,2,5,1on1,feat,82,2021-02-03 07:04:48,2021-02-03 07:07:37,2021-02-03 07:20:08,2021-02-03 07:20:08,2021-02-03 08:27:20,1,1,1,1,SBPRF-7516 Update tooltip message,merge-me,true,false
4252,https://github.com/bizreach-inc/hrmony-prf/pull/4252,2021,2,5,1on1,fix,140,2021-02-03 06:45:45,2021-02-03 07:01:34,2021-02-03 09:04:07,2021-02-03 09:04:07,2021-02-03 09:06:29,2,48,12,4,SBPRF-7633 Add error message when only input whitespace,merge-me,true,false
4251,https://github.com/bizreach-inc/hrmony-prf/pull/4251,2021,2,5,1on1,fix,3267,2021-02-03 02:00:28,2021-02-03 03:14:03,2021-02-03 05:43:23,2021-02-03 06:46:01,2021-02-05 08:28:23,11,273,110,24,SBPRF-5002 Add calendar type,"db-migration,merge-me",true,true
4250,https://github.com/bizreach-inc/hrmony-prf/pull/4250,2021,2,5,1on1,feat,1196,2021-02-02 09:19:12,2021-02-02 09:27:30,2021-02-03 05:12:43,2021-02-03 05:12:43,2021-02-03 05:15:28,2,26,0,2,SBPRF-7635 Add bottom boarder to topic and todo title while being focus,merge-me,true,false
4249,https://github.com/bizreach-inc/hrmony-prf/pull/4249,2021,2,5,1on1,feat,54,2021-02-02 06:58:27,2021-02-02 07:00:42,2021-02-02 07:03:29,2021-02-02 07:03:29,2021-02-02 07:53:06,2,9,1,3,SBPRF-5983 Add feature flag on todo view item,merge-me,true,false
4248,https://github.com/bizreach-inc/hrmony-prf/pull/4248,2021,2,5,1on1,fix,7303,2021-01-29 08:18:46,2021-02-02 06:00:49,2021-02-03 10:01:20,2021-02-03 10:01:26,2021-02-03 10:02:34,11,155,48,13,SBPRF-7688 Deliver minor fix and improvement together.,merge-me,true,true
4247,https://github.com/bizreach-inc/hrmony-prf/pull/4247,2021,2,5,goal,fix,7292,2021-01-29 08:55:18,2021-02-02 05:31:56,2021-02-02 06:29:38,2021-02-02 06:29:38,2021-02-03 10:28:16,5,3,3,3,SBPRF-4132 Fix time format,"merge-me,update-me",true,true
4246,https://github.com/bizreach-inc/hrmony-prf/pull/4246,2021,2,5,1on1,refactor,3288,2021-02-02 02:38:52,2021-02-02 05:30:31,2021-02-02 07:34:13,2021-02-03 10:36:12,2021-02-04 09:27:16,13,42,54,8,SBPRF-7609  Update ngx-quill version from 8 to 13,merge-me,true,true
4245,https://github.com/bizreach-inc/hrmony-prf/pull/4245,2021,2,5,1on1,feat,1302,2021-02-01 08:27:29,2021-02-02 04:33:28,2021-02-02 06:02:22,2021-02-02 06:02:22,2021-02-02 06:10:01,1,77,9,6,SBPRF-5983 Can skip a todo (only BE).,merge-me,true,false
4244,https://github.com/bizreach-inc/hrmony-prf/pull/4244,2021,2,5,1on1,feat,1098,2021-02-01 11:43:24,2021-02-01 11:46:09,2021-02-02 02:50:16,2021-02-02 02:50:16,2021-02-02 06:01:44,5,63,0,11,SBPRF-5983 FE Skip todo,merge-me,true,false
4243,https://github.com/bizreach-inc/hrmony-prf/pull/4243,2021,2,5,1on1,feat,36,2021-02-01 10:12:16,2021-02-01 10:12:41,2021-02-01 10:41:20,2021-02-01 10:41:20,2021-02-01 10:49:11,3,68,285,28,SBPRF-7521 Delivery 6983,"db-migration,merge-me,update-me",true,true
4242,https://github.com/bizreach-inc/hrmony-prf/pull/4242,2021,2,5,1on1,revert,14,2021-02-01 09:30:49,2021-02-01 09:31:09,2021-02-01 09:39:07,2021-02-01 09:39:07,2021-02-01 09:45:34,1,285,76,28,SBPRF-7521 Delivery 6983,"db-migration,merge-me",true,true
4241,https://github.com/bizreach-inc/hrmony-prf/pull/4241,2021,2,5,goal,feat,4473,2021-02-01 07:28:30,2021-02-01 07:33:15,2021-02-01 23:17:16,2021-02-03 08:32:30,2021-02-04 10:01:46,4,12,64,12,SPBRF-7513 delivery difficulty epic,"merge-me,update-me",true,true
4240,https://github.com/bizreach-inc/hrmony-prf/pull/4240,2021,2,5,1on1,fix,1386,2021-02-01 06:58:03,2021-02-01 07:03:23,2021-02-01 10:01:51,2021-02-01 10:01:51,2021-02-02 06:04:05,3,2,1,2,SBPRF-7514 Fix sync keywords too long and break ui,,true,false
4239,https://github.com/bizreach-inc/hrmony-prf/pull/4239,2021,2,5,1on1,fix,1317,2021-02-01 06:47:25,2021-02-01 06:49:16,2021-02-02 02:55:05,2021-02-02 02:55:05,2021-02-02 04:45:00,5,47,32,2,SBPRF-7058 Fix a note validator.,"merge-me,update-me",true,true
4238,https://github.com/bizreach-inc/hrmony-prf/pull/4238,2021,2,5,pulse,feat,1522,2021-02-01 03:58:14,2021-02-01 04:00:32,2021-02-01 04:56:31,2021-02-02 01:36:27,2021-02-02 05:20:34,16,244,23,23,SBPRF-6709 Close pulse surveys,merge-me,true,true
4237,https://github.com/bizreach-inc/hrmony-prf/pull/4237,2021,2,5,1on1,feat,5636,2021-02-01 03:23:59,2021-02-01 03:25:44,2021-02-01 04:34:55,2021-02-03 10:19:54,2021-02-05 01:20:48,15,427,23,29,SBPRF-5983 Can skip todo.,"merge-me,update-me",true,true
4236,https://github.com/bizreach-inc/hrmony-prf/pull/4236,2021,2,5,pulse,feat,4282,2021-02-01 02:33:47,2021-02-01 02:36:12,2021-02-03 03:34:55,2021-02-03 03:34:55,2021-02-04 01:56:45,54,2231,91,54,SBPRF-6707 Admin can set reminder for pulse,merge-me,true,true
4235,https://github.com/bizreach-inc/hrmony-prf/pull/4235,2021,2,7,goal,fix,24761,2021-01-29 01:40:29,2021-01-29 03:55:49,2021-02-03 01:28:38,2021-02-09 04:03:27,2021-02-15 06:21:39,19,32,23,10,SBPRF-7491 Change length limit of difficulty items,"db-migration,merge-me",true,true
4234,https://github.com/bizreach-inc/hrmony-prf/pull/4234,2021,2,7,goal,feat,31540,2021-01-27 01:44:28,2021-01-28 06:30:21,2021-02-01 04:05:06,2021-02-10 07:52:30,2021-02-17 23:24:51,27,632,103,40,SBPRF-6666 add disclose modal,merge-me,true,true
4233,https://github.com/bizreach-inc/hrmony-prf/pull/4233,2021,2,5,1on1,feat,7214,2021-01-27 04:53:21,2021-01-27 11:59:59,2021-01-27 12:09:25,2021-02-01 01:18:37,2021-02-01 05:07:25,13,537,37,14,SBPRF-7243 Update report API to show theme report,merge-me,true,false
4231,https://github.com/bizreach-inc/hrmony-prf/pull/4231,2021,1,4,1on1,fix,1090,2021-01-27 09:25:14,2021-01-27 09:29:22,2021-01-27 09:52:08,2021-01-27 09:52:08,2021-01-28 03:35:15,2,11,23,2,SBPRF-7601 Cannot change opponent attendee when Google calendar integration,"merge-me,update-me",true,true
4230,https://github.com/bizreach-inc/hrmony-prf/pull/4230,2021,1,4,1on1,hotfix,181,2021-01-27 08:52:41,2021-01-27 08:54:33,2021-01-27 08:58:37,2021-01-27 08:58:37,2021-01-27 11:54:35,6,25,6,3,SBPRF-7639 migrate new notification setting,"db-migration,merge-me",true,true
4229,https://github.com/bizreach-inc/hrmony-prf/pull/4229,2021,2,5,1on1,feat,9914,2021-01-25 07:53:51,2021-01-26 17:06:10,2021-01-27 06:23:23,2021-01-27 11:21:29,2021-02-01 05:08:03,7,2605,658,48,SBPRF-7243 Aggregate 1on1s by themes,"db-migration,merge-me",true,false
4228,https://github.com/bizreach-inc/hrmony-prf/pull/4228,2021,1,4,1on1,feat,2834,2021-01-26 10:25:40,2021-01-26 10:28:53,2021-01-27 01:24:33,2021-01-27 01:24:33,2021-01-28 09:40:33,3,4,27,7,SBPRF-7524 Can always add 1on1 from HRMOS.,"merge-me,update-me",true,true
4227,https://github.com/bizreach-inc/hrmony-prf/pull/4227,2021,2,5,goal,feat,11585,2021-01-26 09:36:25,2021-01-26 09:37:23,2021-02-01 04:05:29,2021-02-03 05:53:26,2021-02-03 10:42:23,15,357,63,18,SBPRF-6669 can view and set disclosure permission on admin,"merge-me,update-me",true,true
4226,https://github.com/bizreach-inc/hrmony-prf/pull/4226,2021,2,5,org,refactor,27926,2021-01-13 01:50:48,2021-01-26 07:23:10,2021-01-26 10:54:58,2021-01-26 10:54:58,2021-02-01 11:16:54,53,489,1664,52,SBPRF-7521  migrate notification settings,"db-migration,merge-me,update-me",true,true
4225,https://github.com/bizreach-inc/hrmony-prf/pull/4225,2021,1,4,1on1,fix,5091,2021-01-25 12:34:29,2021-01-26 06:31:21,2021-01-26 07:35:45,2021-01-29 01:01:07,2021-01-29 01:25:52,7,133,6,5,SBPRF-7501 Fix problems that can't get a previous 1on1.,"merge-me,update-me",true,true
4224,https://github.com/bizreach-inc/hrmony-prf/pull/4224,2021,1,4,pulse,feat,4156,2021-01-26 06:16:00,2021-01-26 06:17:43,2021-01-27 07:20:09,2021-01-28 04:53:14,2021-01-29 03:32:42,33,1128,727,66,SBPRF-6706 Admin can preview pulse,"merge-me,update-me",true,true
4223,https://github.com/bizreach-inc/hrmony-prf/pull/4223,2021,2,5,org,feat,27798,2021-01-13 01:50:48,2021-01-25 09:15:32,2021-01-25 09:43:02,2021-02-01 09:09:10,2021-02-01 09:09:15,30,76,285,28,SBPRF-7521 Delivery 6983,"db-migration,merge-me,update-me",true,true
4222,https://github.com/bizreach-inc/hrmony-prf/pull/4222,2021,2,5,goal,test,28581,2021-01-15 08:25:46,2021-01-25 08:02:59,2021-02-02 04:51:00,2021-02-03 03:30:25,2021-02-04 04:46:49,28,238,2,6,SBPRF-7427 Add test code for 7156,merge-me,true,true
4221,https://github.com/bizreach-inc/hrmony-prf/pull/4221,2021,1,4,1on1,feat,5569,2021-01-22 05:41:38,2021-01-25 06:34:59,2021-01-26 01:28:56,2021-01-26 01:28:56,2021-01-26 02:30:40,3,898,33,20,SBPRF-7243 [FE] Can use 1on1 report for each theme.,,true,false
4218,https://github.com/bizreach-inc/hrmony-prf/pull/4218,2021,1,3,1on1,feat,86,2021-01-22 07:45:33,2021-01-22 07:52:44,2021-01-22 08:37:21,2021-01-22 08:37:21,2021-01-22 09:11:47,2,14,13,5,SBPRF-7243 Support 1on1 reports specified no theme,"db-migration,merge-me",true,false
4217,https://github.com/bizreach-inc/hrmony-prf/pull/4217,2021,1,4,1on1,fix,4348,2021-01-22 07:35:16,2021-01-22 07:40:45,2021-01-25 06:58:48,2021-01-25 07:47:02,2021-01-25 08:03:37,3,87,73,6,SBPRF-7224 Fix the problem of displaying the frequency of events.,"merge-me,update-me",true,true
4216,https://github.com/bizreach-inc/hrmony-prf/pull/4216,2021,1,3,polyphony,refactor,53,2021-01-22 06:32:21,2021-01-22 06:34:56,2021-01-22 07:15:19,2021-01-22 07:15:20,2021-01-22 07:26:13,2,4,4,2,SBPRF-7600 Update the polyphony.,"merge-me,update-me,xem",false,true
4215,https://github.com/bizreach-inc/hrmony-prf/pull/4215,2021,1,3,1on1,feat,30,2021-01-22 05:56:32,2021-01-22 06:03:56,2021-01-22 06:25:03,2021-01-22 06:25:03,2021-01-22 06:27:31,2,818,0,5,SBPRF-7243 Add tables: 1on1 reports by themes,"db-migration,merge-me",true,false
4214,https://github.com/bizreach-inc/hrmony-prf/pull/4214,2021,1,4,goal,feat,8330,2021-01-22 05:06:18,2021-01-22 05:30:14,2021-01-22 06:36:52,2021-01-22 08:07:13,2021-01-27 23:56:30,7,84,1,5,SBPRF-7495 add difficulty validation,merge-me,true,true
4213,https://github.com/bizreach-inc/hrmony-prf/pull/4213,2021,1,3,1on1,hotfix,57,2021-01-22 03:18:53,2021-01-22 03:21:34,2021-01-22 04:12:51,2021-01-22 04:12:51,2021-01-22 04:16:47,2,5,2,1,SBPRF-7592 Controll the process of inserting the default oneonone setting,merge-me,true,true
4212,https://github.com/bizreach-inc/hrmony-prf/pull/4212,2021,2,5,1on1,feat,18843,2021-01-22 01:51:58,2021-01-22 01:53:39,2021-02-04 03:37:16,2021-02-04 03:37:16,2021-02-04 03:55:17,23,4387,673,70,SBPRF-7243 Can use the 1on1 report for each theme.,"db-migration,merge-me,update-me",true,true
4210,https://github.com/bizreach-inc/hrmony-prf/pull/4210,2021,1,3,1on1,fix,66,2021-01-20 10:28:55,2021-01-20 11:04:43,2021-01-20 11:27:21,2021-01-20 11:27:21,2021-01-20 11:34:58,5,49,4,3,SBPRF-6983 Fix notification settings UI.,,true,false
4209,https://github.com/bizreach-inc/hrmony-prf/pull/4209,2021,1,3,org,fix,19,2021-01-20 10:27:28,2021-01-20 10:40:14,2021-01-20 10:43:41,2021-01-20 10:43:41,2021-01-20 10:46:41,2,7,69,3,SBPRF-6983 Fix BE,"db-migration,merge-me",true,false
4208,https://github.com/bizreach-inc/hrmony-prf/pull/4208,2021,1,3,1on1,fix,32,2021-01-20 10:14:48,2021-01-20 10:16:12,2021-01-20 10:29:48,2021-01-20 10:29:48,2021-01-20 10:46:56,2,21,4,6,SBPRF-6983 Add feature flag on admin 1on1 notification setting,merge-me,true,false
4206,https://github.com/bizreach-inc/hrmony-prf/pull/4206,2021,1,3,1on1,fix,305,2021-01-20 04:17:17,2021-01-20 04:21:08,2021-01-20 06:04:17,2021-01-20 06:04:17,2021-01-20 09:23:13,2,9,9,3,SBPRF-5207 Fix bug that disappear topic.,"merge-me,update-me",true,true
4205,https://github.com/bizreach-inc/hrmony-prf/pull/4205,2021,1,3,1on1,feat,11141,2021-01-12 11:55:47,2021-01-19 08:46:52,2021-01-19 10:04:28,2021-01-20 04:24:38,2021-01-20 05:36:53,37,93,29,11,SBPRF-7405 Add setting of daily 1on1 reminder,"db-migration,merge-me",true,false
4204,https://github.com/bizreach-inc/hrmony-prf/pull/4204,2021,1,3,goal,fix,2628,2021-01-19 07:21:44,2021-01-19 07:27:08,2021-01-19 09:21:15,2021-01-21 02:07:35,2021-01-21 03:09:53,5,14,10,4,SBPRF-7489 fix goal undefined error,merge-me,true,true
4203,https://github.com/bizreach-inc/hrmony-prf/pull/4203,2021,1,3,1on1,feat,239,2021-01-19 06:01:01,2021-01-19 06:06:55,2021-01-19 06:40:02,2021-01-19 06:40:02,2021-01-19 10:00:14,3,23,12,2,SBPRF-7415 Add setting of 1on1 slack reminder,merge-me,true,false
4202,https://github.com/bizreach-inc/hrmony-prf/pull/4202,2021,1,3,1on1,feat,1421,2021-01-18 10:34:44,2021-01-18 11:50:32,2021-01-19 02:55:25,2021-01-19 09:48:15,2021-01-19 10:16:01,5,180,24,8,SBPRF-7415  fe add 1on1 to admin notification,merge-me,true,false
4201,https://github.com/bizreach-inc/hrmony-prf/pull/4201,2021,1,3,1on1,fix,1574,2021-01-18 07:47:01,2021-01-18 07:57:10,2021-01-19 08:25:34,2021-01-19 09:44:11,2021-01-19 10:01:12,3,125,21,2,SBPRF-7428 Fix to return the previous 1on1 and the next 1on1 when find a pair.,,true,false
4200,https://github.com/bizreach-inc/hrmony-prf/pull/4200,2021,1,3,org,feat,10809,2021-01-12 11:55:47,2021-01-18 07:40:43,2021-01-18 09:43:29,2021-01-19 10:04:45,2021-01-20 00:05:28,26,2903,63,63,SBPRF-6983  BE can turn on off notifications by employee,"db-migration,merge-me",true,false
4199,https://github.com/bizreach-inc/hrmony-prf/pull/4199,2021,1,3,goal,test,4008,2021-01-18 06:54:02,2021-01-18 07:32:00,2021-01-19 09:48:49,2021-01-21 01:00:10,2021-01-21 01:42:51,9,215,73,14,SBPRF-7239 add difficulty test,merge-me,true,true
4198,https://github.com/bizreach-inc/hrmony-prf/pull/4198,2021,1,3,1on1,feat,43311,2020-12-23 01:10:06,2021-01-18 01:06:38,2021-01-18 02:54:54,2021-01-19 03:14:27,2021-01-22 03:01:20,12,633,135,28,SBPRF-7077 Can open Google calendar to create calendar events,merge-me,true,true
4197,https://github.com/bizreach-inc/hrmony-prf/pull/4197,2021,1,4,goal,refactor,20214,2021-01-15 07:22:54,2021-01-15 07:28:48,2021-01-15 07:42:34,2021-01-29 07:18:41,2021-01-29 08:17:31,57,895,164,29,SBPRF-7424 Create new table for permission,"db-migration,merge-me",true,true
4196,https://github.com/bizreach-inc/hrmony-prf/pull/4196,2021,2,5,goal,fix,25888,2021-01-15 06:15:07,2021-01-15 06:16:18,2021-01-19 03:56:54,2021-02-01 07:48:20,2021-02-02 05:43:54,17,433,74,14,SBPRF-7143 fix user status mapping on sheet-assign and reviewer-assign,merge-me,true,true
4195,https://github.com/bizreach-inc/hrmony-prf/pull/4195,2021,1,3,1on1,fix,4575,2021-01-15 04:48:18,2021-01-15 04:50:30,2021-01-18 02:39:57,2021-01-18 06:35:02,2021-01-18 09:03:37,6,16,31,3,SBPRF-7474 Fix to remove the unnecessary notification setting items.,"db-migration,merge-me,update-me",true,true
4194,https://github.com/bizreach-inc/hrmony-prf/pull/4194,2021,1,3,pulse,feat,6230,2021-01-15 01:40:26,2021-01-15 01:43:24,2021-01-15 01:48:24,2021-01-19 09:03:07,2021-01-19 09:30:30,49,1765,18,63,SBPRF-6703 preview distribution of pulse,"db-migration,merge-me",true,true
4193,https://github.com/bizreach-inc/hrmony-prf/pull/4193,2021,1,4,pulse,feat,16206,2021-01-15 00:00:52,2021-01-15 00:07:16,2021-01-25 09:40:04,2021-01-26 02:54:09,2021-01-26 06:07:09,142,4776,422,143,answer pulses via slack,"db-migration,merge-me",true,true
4192,https://github.com/bizreach-inc/hrmony-prf/pull/4192,2021,1,2,,refactor,2623,2021-01-13 08:55:13,2021-01-13 08:58:02,2021-01-15 04:10:18,2021-01-15 04:10:18,2021-01-15 04:39:00,4,2,6,2,SBPRF-7423 not to run sbt-scoverage on codebuild,"merge-me,xem",false,true
4191,https://github.com/bizreach-inc/hrmony-prf/pull/4191,2021,1,3,1on1,fix,9882,2021-01-13 08:41:09,2021-01-13 08:46:06,2021-01-20 01:25:22,2021-01-20 01:25:22,2021-01-20 05:23:35,2,5,2,1,SBPRF-7221 Sync ORO after apply theme updates,merge-me,true,true
4190,https://github.com/bizreach-inc/hrmony-prf/pull/4190,2021,1,4,1on1,perf,19174,2021-01-13 01:50:48,2021-01-13 01:52:51,2021-01-25 06:02:08,2021-01-25 10:22:47,2021-01-26 09:24:55,14,145,69,6,SBPRF-7469 Detect slack notification target users efficiently,merge-me,true,true
4189,https://github.com/bizreach-inc/hrmony-prf/pull/4189,2021,1,3,goal,fix,7558,2021-01-13 01:14:09,2021-01-13 01:25:28,2021-01-13 02:19:41,2021-01-14 02:43:46,2021-01-18 07:12:16,6,8,5,3,SBPRF-6739 fix criterion sort and add error message,merge-me,true,true
4188,https://github.com/bizreach-inc/hrmony-prf/pull/4188,2021,1,2,org,feat,3866,2021-01-12 11:55:47,2021-01-12 11:57:25,2021-01-13 06:26:09,2021-01-15 04:18:32,2021-01-15 04:21:52,9,1268,852,38,SBPRF-6983 Add notification setting timing,"db-migration,merge-me",true,false
4187,https://github.com/bizreach-inc/hrmony-prf/pull/4187,2021,1,2,1on1,feat,7151,2021-01-08 07:58:46,2021-01-12 11:12:04,2021-01-13 06:24:09,,2021-01-13 07:10:00,9,586,60,33,SBPRF-6983  [FE] Can turn on / off the notification settings by employee.,,true,false
4186,https://github.com/bizreach-inc/hrmony-prf/pull/4186,2021,1,2,1on1,fix,1473,2021-01-12 08:16:19,2021-01-12 08:18:07,2021-01-13 06:28:13,2021-01-13 08:11:14,2021-01-13 08:49:41,5,24,7,4,SBPRF-7409 Fix 1on1 listing page showing next next time 1on1,merge-me,true,true
4185,https://github.com/bizreach-inc/hrmony-prf/pull/4185,2021,1,3,1on1,feat,11546,2021-01-12 01:20:56,2021-01-12 07:41:03,2021-01-18 08:31:47,2021-01-20 01:34:57,2021-01-20 01:47:23,29,425,20,37,SBPRF-6983  be implement fms for notification setting,merge-me,true,false
4184,https://github.com/bizreach-inc/hrmony-prf/pull/4184,2021,1,2,,chore,527,2021-01-11 23:33:46,2021-01-11 23:35:19,2021-01-12 08:00:47,2021-01-12 08:19:11,2021-01-12 08:20:49,1,2,2,1,SBPRF-5616 fix properties for SonarCloud,merge-me,true,true
4183,https://github.com/bizreach-inc/hrmony-prf/pull/4183,2021,11,45,,refactor,435246,2021-01-11 01:11:07,2021-01-11 01:11:28,2021-11-09 07:15:44,2021-11-09 07:15:44,2021-11-09 07:17:29,5,1,1,1,SBPRF-9356 Update play-json to 2.9.2,"merge-me,update-me,xem",false,true
4181,https://github.com/bizreach-inc/hrmony-prf/pull/4181,2021,3,9,,refactor,76412,2021-01-11 01:10:27,2021-01-11 01:10:47,,,2021-03-05 02:43:21,2,1,1,1,SBPRF-7402 Update organize-imports to 0.4.4,xem,false,false
4179,https://github.com/bizreach-inc/hrmony-prf/pull/4179,2021,3,9,,refactor,76507,2021-01-11 01:09:47,2021-01-11 01:10:08,2021-03-05 04:17:03,2021-03-05 04:17:03,2021-03-05 04:17:23,3,2,2,2,SBPRF-7400 Update sbt-scalafix to 0.9.24,"merge-me,xem",false,true
4178,https://github.com/bizreach-inc/hrmony-prf/pull/4178,2021,1,4,,refactor,24214,2021-01-08 08:52:36,2021-01-08 08:55:15,2021-01-22 08:58:48,2021-01-22 08:58:48,2021-01-25 04:26:44,9,9108,4756,38,SBPRF-5997 update angular 9 to 10,"merge-me,xem",false,true
4177,https://github.com/bizreach-inc/hrmony-prf/pull/4177,2021,1,1,survey,fix,126,2021-01-08 07:55:39,2021-01-08 08:00:38,2021-01-08 09:13:03,2021-01-08 09:16:30,2021-01-08 10:02:11,4,11,17,9,SBPRF-7336 load filter data in appropriate time in order to fix display bug after distribution,merge-me,true,true
4176,https://github.com/bizreach-inc/hrmony-prf/pull/4176,2021,1,2,1on1,fix,7396,2021-01-08 07:54:59,2021-01-08 07:55:49,2021-01-12 08:54:27,2021-01-12 08:57:23,2021-01-13 11:11:06,4,22,86,3,SBPRF-7246 Add missed condition on checking isManager,merge-me,true,true
4175,https://github.com/bizreach-inc/hrmony-prf/pull/4175,2021,1,2,goal,feat,8269,2021-01-08 07:40:36,2021-01-08 07:41:50,2021-01-12 03:36:42,2021-01-14 01:21:14,2021-01-14 01:30:20,11,253,367,26,SBPRF-7014 difficulty delete validation,merge-me,true,true
4174,https://github.com/bizreach-inc/hrmony-prf/pull/4174,2021,1,3,1on1,feat,20048,2021-01-08 02:58:32,2021-01-08 06:46:17,2021-01-08 07:26:04,2021-01-08 07:26:04,2021-01-22 01:06:53,7,289,543,21,SBPRF-6543 Can see the recent 1on1 pairs on the pair page.,"merge-me,update-me",true,true
4173,https://github.com/bizreach-inc/hrmony-prf/pull/4173,2021,1,1,org,feat,170,2021-01-08 04:26:59,2021-01-08 04:32:46,2021-01-08 06:40:31,2021-01-08 07:17:03,2021-01-08 07:17:38,2,97,0,3,SBPRF-6983 Normalize notification settings,"db-migration,merge-me",true,false
4172,https://github.com/bizreach-inc/hrmony-prf/pull/4172,2021,1,2,1on1,fix,8567,2021-01-07 10:46:52,2021-01-07 10:47:56,2021-01-08 07:09:56,2021-01-13 05:45:33,2021-01-13 09:34:12,4,19,13,3,SBPRF-7387 Replace GoogleCredential as deprecated,merge-me,true,true
4171,https://github.com/bizreach-inc/hrmony-prf/pull/4171,2021,1,2,goal,feat,34050,2020-12-22 10:48:38,2021-01-07 10:17:20,2021-01-13 04:17:14,2021-01-14 08:07:27,2021-01-15 02:19:12,18,432,14,21,SBPRF-7156 Disclose review to member,merge-me,true,true
4170,https://github.com/bizreach-inc/hrmony-prf/pull/4170,2021,1,1,,refactor,576,2021-01-07 00:31:07,2021-01-07 00:43:56,2021-01-07 05:37:59,2021-01-07 06:32:26,2021-01-07 10:07:44,3,122,69,45,SBPRF-6819 Update scalafmt-core to v2.7.5,merge-me,true,true
4169,https://github.com/bizreach-inc/hrmony-prf/pull/4169,2021,1,1,survey,feat,701,2021-01-07 00:16:27,2021-01-07 00:20:14,2021-01-07 01:01:54,2021-01-07 01:15:13,2021-01-07 11:57:49,9,26,41,7,SBPRF-7130 deliver the name search,"merge-me,update-me",true,true
4168,https://github.com/bizreach-inc/hrmony-prf/pull/4168,2021,1,1,survey,fix,2913,2021-01-06 08:31:05,2021-01-06 08:33:30,2021-01-08 05:45:21,2021-01-08 07:57:39,2021-01-08 09:04:46,7,190,116,20,SBPRF-7295 prevent survey/pulse creation if snapshot does not exist,merge-me,true,true
4167,https://github.com/bizreach-inc/hrmony-prf/pull/4167,2021,1,1,,feat,125,2021-01-06 07:02:26,2021-01-06 07:07:07,2021-01-06 07:52:54,2021-01-06 07:52:54,2021-01-06 09:07:47,4,20,11,5,SBPRF-7333 Change the info display conditions for deprecated environments on the login page.,"merge-me,update-me,xem",false,true
4166,https://github.com/bizreach-inc/hrmony-prf/pull/4166,2021,1,1,,chore,14,2021-01-06 02:53:29,2021-01-06 02:56:29,2021-01-06 02:57:06,2021-01-06 02:57:06,2021-01-06 03:08:10,1,2,0,1,SBPRF-7324 list more prs on steward github action,"merge-me,xem",false,true
4165,https://github.com/bizreach-inc/hrmony-prf/pull/4165,2021,1,1,,chore,862,2021-01-05 11:58:38,2021-01-05 12:02:17,2021-01-06 00:27:03,2021-01-06 00:27:03,2021-01-06 02:21:30,3,124,9,1,SBPRF-6809 auto close old steward pr and issue,"merge-me,xem",false,true
4164,https://github.com/bizreach-inc/hrmony-prf/pull/4164,2021,3,9,1on1,refactor,84994,2021-01-05 08:10:29,2021-01-05 08:37:46,2021-01-06 01:35:00,2021-01-12 07:47:50,2021-03-05 08:45:16,8,18,32,3,SBPRF-6427 Circe 1on1 todo,"merge-me,xem",false,true
4163,https://github.com/bizreach-inc/hrmony-prf/pull/4163,2021,1,1,,chore,32,2021-01-05 07:47:43,2021-01-05 07:57:03,2021-01-05 08:16:59,2021-01-05 08:16:59,2021-01-05 08:20:40,3,114,120,1,SBPRF-7297 fix steward github action,"merge-me,xem",false,true
4162,https://github.com/bizreach-inc/hrmony-prf/pull/4162,2021,3,9,1on1,refactor,84978,2021-01-05 07:17:21,2021-01-05 07:21:42,2021-01-06 01:33:42,2021-01-12 07:47:03,2021-03-05 07:35:43,8,42,32,6,SBPRF-6427 circe 1on1 topic,"merge-me,xem",false,true
4161,https://github.com/bizreach-inc/hrmony-prf/pull/4161,2021,1,1,,feat,2941,2021-01-04 08:18:26,2021-01-04 08:31:04,2021-01-06 07:07:40,2021-01-06 07:08:02,2021-01-06 09:20:12,7,17,2,3,SBPRF-7294 speed up local shutdown,"merge-me,update-me,xem",false,true
4160,https://github.com/bizreach-inc/hrmony-prf/pull/4160,2021,2,5,,refactor,44867,2021-01-04 07:05:02,2021-01-04 07:06:57,2021-01-05 03:42:43,2021-01-06 05:09:39,2021-02-04 10:52:39,12,1,959,33,SBPRF-7018 byebye eng-file.,"db-migration,merge-me,xem",false,true
4156,https://github.com/bizreach-inc/hrmony-prf/pull/4156,2021,2,5,,chore,40474,2021-01-04 02:59:00,2021-01-04 03:00:51,2021-01-06 05:32:42,2021-01-27 03:50:04,2021-02-01 05:33:04,3,2,0,1,SBPRF-7293 Init sqs in local when restart docker,merge-me,true,true
4155,https://github.com/bizreach-inc/hrmony-prf/pull/4155,2021,3,9,,refactor,86650,2021-01-04 01:11:42,2021-01-04 01:12:03,2021-03-05 02:57:38,2021-03-05 05:16:01,2021-03-05 05:21:53,6,2,8,2,SBPRF-7290 Update scalatest to 3.2.3,"merge-me,xem",false,true
4154,https://github.com/bizreach-inc/hrmony-prf/pull/4154,2021,1,1,,refactor,4759,2021-01-04 01:11:21,2021-01-04 01:11:40,2021-01-07 00:38:28,2021-01-07 00:58:48,2021-01-07 08:31:14,5,1,1,1,SBPRF-7289 Update scalamock to 5.1.0,"merge-me,xem",false,true